DATAFLOW,MEASURE,INDEX,HOUSHOLD_TYPE,REGION,FREQ,TIME_PERIOD,OBS_VALUE,UNIT_MEASURE,BASE_PERIOD,OBS_STATUS,OBS_COMMENT
ABS:LCI(1.0.0),1,131278,P1,50,Q,1998-Q2,26.3,,,,
ABS:LCI(1.0.0),1,131278,P1,50,Q,1998-Q3,26.51,,,,
ABS:LCI(1.0.0),1,131278,P1,50,Q,1998-Q4,26.72,,,,
ABS:LCI(1.0.0),1,131278,P1,50,Q,1999-Q1,26.33,,,,
ABS:LCI(1.0.0),1,131278,P1,50,Q,1999-Q2,26.27,,,,
ABS:LCI(1.0.0),1,131278,P1,50,Q,1999-Q3,26.56,,,,
ABS:LCI(1.0.0),1,131278,P1,50,Q,1999-Q4,27.01,,,,
ABS:LCI(1.0.0),1,131278,P1,50,Q,2000-Q1,28.64,,,,
ABS:LCI(1.0.0),1,131278,P1,50,Q,2000-Q2,29,,,,
ABS:LCI(1.0.0),1,131278,P1,50,Q,2000-Q3,33.59,,,,
ABS:LCI(1.0.0),1,131278,P1,50,Q,2000-Q4,34.86,,,,
ABS:LCI(1.0.0),1,131278,P1,50,Q,2001-Q1,35.31,,,,
ABS:LCI(1.0.0),1,131278,P1,50,Q,2001-Q2,31.33,,,,
ABS:LCI(1.0.0),1,131278,P1,50,Q,2001-Q3,30.68,,,,
ABS:LCI(1.0.0),1,131278,P1,50,Q,2001-Q4,29.55,,,,
ABS:LCI(1.0.0),1,131278,P1,50,Q,2002-Q1,30.09,,,,
ABS:LCI(1.0.0),1,131278,P1,50,Q,2002-Q2,29.08,,,,
ABS:LCI(1.0.0),1,131278,P1,50,Q,2002-Q3,31.78,,,,
ABS:LCI(1.0.0),1,131278,P1,50,Q,2002-Q4,32.63,,,,
ABS:LCI(1.0.0),1,131278,P1,50,Q,2003-Q1,33.43,,,,
ABS:LCI(1.0.0),1,131278,P1,50,Q,2003-Q2,34.27,,,,
ABS:LCI(1.0.0),1,131278,P1,50,Q,2003-Q3,35.18,,,,
ABS:LCI(1.0.0),1,131278,P1,50,Q,2003-Q4,36.35,,,,
ABS:LCI(1.0.0),1,131278,P1,50,Q,2004-Q1,39.6,,,,
ABS:LCI(1.0.0),1,131278,P1,50,Q,2004-Q2,41.15,,,,
ABS:LCI(1.0.0),1,131278,P1,50,Q,2004-Q3,42.2,,,,
ABS:LCI(1.0.0),1,131278,P1,50,Q,2004-Q4,43.22,,,,
ABS:LCI(1.0.0),1,131278,P1,50,Q,2005-Q1,44.16,,,,
ABS:LCI(1.0.0),1,131278,P1,50,Q,2005-Q2,46.47,,,,
ABS:LCI(1.0.0),1,131278,P1,50,Q,2005-Q3,47.46,,,,
ABS:LCI(1.0.0),1,131278,P1,50,Q,2005-Q4,47.46,,,,
ABS:LCI(1.0.0),1,131278,P1,50,Q,2006-Q1,49.13,,,,
ABS:LCI(1.0.0),1,131278,P1,50,Q,2006-Q2,50.41,,,,
ABS:LCI(1.0.0),1,131278,P1,50,Q,2006-Q3,52.88,,,,
ABS:LCI(1.0.0),1,131278,P1,50,Q,2006-Q4,55.54,,,,
ABS:LCI(1.0.0),1,131278,P1,50,Q,2007-Q1,57.63,,,,
ABS:LCI(1.0.0),1,131278,P1,50,Q,2007-Q2,59.12,,,,
ABS:LCI(1.0.0),1,131278,P1,50,Q,2007-Q3,61.9,,,,
ABS:LCI(1.0.0),1,131278,P1,50,Q,2007-Q4,63.48,,,,
ABS:LCI(1.0.0),1,131278,P1,50,Q,2008-Q1,68.18,,,,
ABS:LCI(1.0.0),1,131278,P1,50,Q,2008-Q2,74.14,,,,
ABS:LCI(1.0.0),1,131278,P1,50,Q,2008-Q3,75.89,,,,
ABS:LCI(1.0.0),1,131278,P1,50,Q,2008-Q4,73.16,,,,
ABS:LCI(1.0.0),1,131278,P1,50,Q,2009-Q1,65.31,,,,
ABS:LCI(1.0.0),1,131278,P1,50,Q,2009-Q2,50.45,,,,
ABS:LCI(1.0.0),1,131278,P1,50,Q,2009-Q3,50.46,,,,
ABS:LCI(1.0.0),1,131278,P1,50,Q,2009-Q4,52.68,,,,
ABS:LCI(1.0.0),1,131278,P1,50,Q,2010-Q1,57.84,,,,
ABS:LCI(1.0.0),1,131278,P1,50,Q,2010-Q2,63.36,,,,
ABS:LCI(1.0.0),1,131278,P1,50,Q,2010-Q3,66.68,,,,
ABS:LCI(1.0.0),1,131278,P1,50,Q,2010-Q4,68.53,,,,
ABS:LCI(1.0.0),1,131278,P1,50,Q,2011-Q1,71.56,,,,
ABS:LCI(1.0.0),1,131278,P1,50,Q,2011-Q2,72.47,,,,
ABS:LCI(1.0.0),1,131278,P1,50,Q,2011-Q3,72.86,,,,
ABS:LCI(1.0.0),1,131278,P1,50,Q,2011-Q4,73.13,,,,
ABS:LCI(1.0.0),1,131278,P1,50,Q,2012-Q1,70.13,,,,
ABS:LCI(1.0.0),1,131278,P1,50,Q,2012-Q2,69.76,,,,
ABS:LCI(1.0.0),1,131278,P1,50,Q,2012-Q3,65.37,,,,
ABS:LCI(1.0.0),1,131278,P1,50,Q,2012-Q4,64.12,,,,
ABS:LCI(1.0.0),1,131278,P1,50,Q,2013-Q1,61.55,,,,
ABS:LCI(1.0.0),1,131278,P1,50,Q,2013-Q2,60.93,,,,
ABS:LCI(1.0.0),1,131278,P1,50,Q,2013-Q3,58.66,,,,
ABS:LCI(1.0.0),1,131278,P1,50,Q,2013-Q4,56.87,,,,
ABS:LCI(1.0.0),1,131278,P1,50,Q,2014-Q1,57.53,,,,
ABS:LCI(1.0.0),1,131278,P1,50,Q,2014-Q2,57.94,,,,
ABS:LCI(1.0.0),1,131278,P1,50,Q,2014-Q3,58.2,,,,
ABS:LCI(1.0.0),1,131278,P1,50,Q,2014-Q4,58.76,,,,
ABS:LCI(1.0.0),1,131278,P1,50,Q,2015-Q1,58.72,,,,
ABS:LCI(1.0.0),1,131278,P1,50,Q,2015-Q2,56.93,,,,
ABS:LCI(1.0.0),1,131278,P1,50,Q,2015-Q3,55.73,,,,
ABS:LCI(1.0.0),1,131278,P1,50,Q,2015-Q4,56.39,,,,
ABS:LCI(1.0.0),1,131278,P1,50,Q,2016-Q1,58.01,,,,
ABS:LCI(1.0.0),1,131278,P1,50,Q,2016-Q2,57.85,,,,
ABS:LCI(1.0.0),1,131278,P1,50,Q,2016-Q3,55.56,,,,
ABS:LCI(1.0.0),1,131278,P1,50,Q,2016-Q4,54.05,,,,
ABS:LCI(1.0.0),1,131278,P1,50,Q,2017-Q1,54.91,,,,
ABS:LCI(1.0.0),1,131278,P1,50,Q,2017-Q2,55.03,,,,
ABS:LCI(1.0.0),1,131278,P1,50,Q,2017-Q3,56.16,,,,
ABS:LCI(1.0.0),1,131278,P1,50,Q,2017-Q4,56.48,,,,
ABS:LCI(1.0.0),1,131278,P1,50,Q,2018-Q1,56.7,,,,
ABS:LCI(1.0.0),1,131278,P1,50,Q,2018-Q2,56.91,,,,
ABS:LCI(1.0.0),1,131278,P1,50,Q,2018-Q3,57.07,,,,
ABS:LCI(1.0.0),1,131278,P1,50,Q,2018-Q4,57.84,,,,
ABS:LCI(1.0.0),1,131278,P1,50,Q,2019-Q1,58,,,,
ABS:LCI(1.0.0),1,131278,P1,50,Q,2019-Q2,58.01,,,,
ABS:LCI(1.0.0),1,131278,P1,50,Q,2019-Q3,53.69,,,,
ABS:LCI(1.0.0),1,131278,P1,50,Q,2019-Q4,51.05,,,,
ABS:LCI(1.0.0),1,131278,P1,50,Q,2020-Q1,49.79,,,,
ABS:LCI(1.0.0),1,131278,P1,50,Q,2020-Q2,47.32,,,,
ABS:LCI(1.0.0),1,131278,P1,50,Q,2020-Q3,44.23,,,,
ABS:LCI(1.0.0),1,131278,P1,50,Q,2020-Q4,43.3,,,,
ABS:LCI(1.0.0),1,131278,P1,50,Q,2021-Q1,42.31,,,,
ABS:LCI(1.0.0),1,131278,P1,50,Q,2021-Q2,41.33,,,,
ABS:LCI(1.0.0),1,131278,P1,50,Q,2021-Q3,40.64,,,,
ABS:LCI(1.0.0),1,131278,P1,50,Q,2021-Q4,40,,,,
ABS:LCI(1.0.0),1,131278,P1,50,Q,2022-Q1,40.03,,,,
ABS:LCI(1.0.0),1,131278,P1,50,Q,2022-Q2,41.03,,,,
ABS:LCI(1.0.0),1,131278,P1,50,Q,2022-Q3,50.93,,,,
ABS:LCI(1.0.0),1,131278,P1,50,Q,2022-Q4,64.55,,,,
ABS:LCI(1.0.0),1,131278,P1,50,Q,2023-Q1,71.65,,,,
ABS:LCI(1.0.0),1,131278,P1,50,Q,2023-Q2,78.64,,,,
ABS:LCI(1.0.0),1,131278,P1,50,Q,2023-Q3,85.9,,,,
ABS:LCI(1.0.0),1,131278,P1,50,Q,2023-Q4,90.54,,,,
ABS:LCI(1.0.0),1,131278,P1,50,Q,2024-Q1,96.93,,,,
ABS:LCI(1.0.0),1,131278,P1,50,Q,2024-Q2,99.43,,,,
ABS:LCI(1.0.0),1,131278,P1,50,Q,2024-Q3,102.13,,,,
ABS:LCI(1.0.0),1,131278,P1,50,Q,2024-Q4,103.86,,,,
ABS:LCI(1.0.0),1,131278,P1,50,Q,2025-Q1,105.4,,,,
ABS:LCI(1.0.0),1,131278,P1,50,Q,2025-Q2,103.93,,,,
ABS:LCI(1.0.0),1,131278,P1,50,Q,2025-Q3,100,,,,
ABS:LCI(1.0.0),1,131278,P1,50,Q,2025-Q4,97.24,,,,
ABS:LCI(1.0.0),1,115486,P1,50,Q,2007-Q2,47.84,,,,
ABS:LCI(1.0.0),1,115486,P1,50,Q,2007-Q3,47.6,,,,
ABS:LCI(1.0.0),1,115486,P1,50,Q,2007-Q4,47.1,,,,
ABS:LCI(1.0.0),1,115486,P1,50,Q,2008-Q1,48.89,,,,
ABS:LCI(1.0.0),1,115486,P1,50,Q,2008-Q2,50.14,,,,
ABS:LCI(1.0.0),1,115486,P1,50,Q,2008-Q3,50.04,,,,
ABS:LCI(1.0.0),1,115486,P1,50,Q,2008-Q4,49.47,,,,
ABS:LCI(1.0.0),1,115486,P1,50,Q,2009-Q1,51.49,,,,
ABS:LCI(1.0.0),1,115486,P1,50,Q,2009-Q2,52.69,,,,
ABS:LCI(1.0.0),1,115486,P1,50,Q,2009-Q3,52.21,,,,
ABS:LCI(1.0.0),1,115486,P1,50,Q,2009-Q4,51.74,,,,
ABS:LCI(1.0.0),1,115486,P1,50,Q,2010-Q1,54.04,,,,
ABS:LCI(1.0.0),1,115486,P1,50,Q,2010-Q2,55.29,,,,
ABS:LCI(1.0.0),1,115486,P1,50,Q,2010-Q3,54.92,,,,
ABS:LCI(1.0.0),1,115486,P1,50,Q,2010-Q4,54.25,,,,
ABS:LCI(1.0.0),1,115486,P1,50,Q,2011-Q1,56.22,,,,
ABS:LCI(1.0.0),1,115486,P1,50,Q,2011-Q2,57.42,,,,
ABS:LCI(1.0.0),1,115486,P1,50,Q,2011-Q3,56.93,,,,
ABS:LCI(1.0.0),1,115486,P1,50,Q,2011-Q4,56.3,,,,
ABS:LCI(1.0.0),1,115486,P1,50,Q,2012-Q1,58.69,,,,
ABS:LCI(1.0.0),1,115486,P1,50,Q,2012-Q2,59.44,,,,
ABS:LCI(1.0.0),1,115486,P1,50,Q,2012-Q3,60.81,,,,
ABS:LCI(1.0.0),1,115486,P1,50,Q,2012-Q4,60.4,,,,
ABS:LCI(1.0.0),1,115486,P1,50,Q,2013-Q1,62.02,,,,
ABS:LCI(1.0.0),1,115486,P1,50,Q,2013-Q2,63.09,,,,
ABS:LCI(1.0.0),1,115486,P1,50,Q,2013-Q3,63.19,,,,
ABS:LCI(1.0.0),1,115486,P1,50,Q,2013-Q4,63.02,,,,
ABS:LCI(1.0.0),1,115486,P1,50,Q,2014-Q1,64.46,,,,
ABS:LCI(1.0.0),1,115486,P1,50,Q,2014-Q2,66.07,,,,
ABS:LCI(1.0.0),1,115486,P1,50,Q,2014-Q3,66.09,,,,
ABS:LCI(1.0.0),1,115486,P1,50,Q,2014-Q4,65.62,,,,
ABS:LCI(1.0.0),1,115486,P1,50,Q,2015-Q1,67.17,,,,
ABS:LCI(1.0.0),1,115486,P1,50,Q,2015-Q2,68.77,,,,
ABS:LCI(1.0.0),1,115486,P1,50,Q,2015-Q3,69.19,,,,
ABS:LCI(1.0.0),1,115486,P1,50,Q,2015-Q4,69.04,,,,
ABS:LCI(1.0.0),1,115486,P1,50,Q,2016-Q1,70.2,,,,
ABS:LCI(1.0.0),1,115486,P1,50,Q,2016-Q2,71.79,,,,
ABS:LCI(1.0.0),1,115486,P1,50,Q,2016-Q3,71.72,,,,
ABS:LCI(1.0.0),1,115486,P1,50,Q,2016-Q4,71.38,,,,
ABS:LCI(1.0.0),1,115486,P1,50,Q,2017-Q1,72.64,,,,
ABS:LCI(1.0.0),1,115486,P1,50,Q,2017-Q2,74.35,,,,
ABS:LCI(1.0.0),1,115486,P1,50,Q,2017-Q3,74.3,,,,
ABS:LCI(1.0.0),1,115486,P1,50,Q,2017-Q4,74.07,,,,
ABS:LCI(1.0.0),1,115486,P1,50,Q,2018-Q1,75.34,,,,
ABS:LCI(1.0.0),1,115486,P1,50,Q,2018-Q2,76.77,,,,
ABS:LCI(1.0.0),1,115486,P1,50,Q,2018-Q3,76.62,,,,
ABS:LCI(1.0.0),1,115486,P1,50,Q,2018-Q4,76.47,,,,
ABS:LCI(1.0.0),1,115486,P1,50,Q,2019-Q1,77.62,,,,
ABS:LCI(1.0.0),1,115486,P1,50,Q,2019-Q2,79,,,,
ABS:LCI(1.0.0),1,115486,P1,50,Q,2019-Q3,78.97,,,,
ABS:LCI(1.0.0),1,115486,P1,50,Q,2019-Q4,78.88,,,,
ABS:LCI(1.0.0),1,115486,P1,50,Q,2020-Q1,79.88,,,,
ABS:LCI(1.0.0),1,115486,P1,50,Q,2020-Q2,79.72,,,,
ABS:LCI(1.0.0),1,115486,P1,50,Q,2020-Q3,79.81,,,,
ABS:LCI(1.0.0),1,115486,P1,50,Q,2020-Q4,81.04,,,,
ABS:LCI(1.0.0),1,115486,P1,50,Q,2021-Q1,82.33,,,,
ABS:LCI(1.0.0),1,115486,P1,50,Q,2021-Q2,83.61,,,,
ABS:LCI(1.0.0),1,115486,P1,50,Q,2021-Q3,83.9,,,,
ABS:LCI(1.0.0),1,115486,P1,50,Q,2021-Q4,83.76,,,,
ABS:LCI(1.0.0),1,115486,P1,50,Q,2022-Q1,85.33,,,,
ABS:LCI(1.0.0),1,115486,P1,50,Q,2022-Q2,85.9,,,,
ABS:LCI(1.0.0),1,115486,P1,50,Q,2022-Q3,86.38,,,,
ABS:LCI(1.0.0),1,115486,P1,50,Q,2022-Q4,87.22,,,,
ABS:LCI(1.0.0),1,115486,P1,50,Q,2023-Q1,90.18,,,,
ABS:LCI(1.0.0),1,115486,P1,50,Q,2023-Q2,90.14,,,,
ABS:LCI(1.0.0),1,115486,P1,50,Q,2023-Q3,91.33,,,,
ABS:LCI(1.0.0),1,115486,P1,50,Q,2023-Q4,91.97,,,,
ABS:LCI(1.0.0),1,115486,P1,50,Q,2024-Q1,94.16,,,,
ABS:LCI(1.0.0),1,115486,P1,50,Q,2024-Q2,95.61,,,,
ABS:LCI(1.0.0),1,115486,P1,50,Q,2024-Q3,95.79,,,,
ABS:LCI(1.0.0),1,115486,P1,50,Q,2024-Q4,95.76,,,,
ABS:LCI(1.0.0),1,115486,P1,50,Q,2025-Q1,98.18,,,,
ABS:LCI(1.0.0),1,115486,P1,50,Q,2025-Q2,99.73,,,,
ABS:LCI(1.0.0),1,115486,P1,50,Q,2025-Q3,100,,,,
ABS:LCI(1.0.0),1,115486,P1,50,Q,2025-Q4,99.61,,,,
ABS:LCI(1.0.0),1,126670,P1,50,Q,2007-Q2,55.13,,,,
ABS:LCI(1.0.0),1,126670,P1,50,Q,2007-Q3,57.11,,,,
ABS:LCI(1.0.0),1,126670,P1,50,Q,2007-Q4,58.34,,,,
ABS:LCI(1.0.0),1,126670,P1,50,Q,2008-Q1,61.59,,,,
ABS:LCI(1.0.0),1,126670,P1,50,Q,2008-Q2,65.53,,,,
ABS:LCI(1.0.0),1,126670,P1,50,Q,2008-Q3,67.31,,,,
ABS:LCI(1.0.0),1,126670,P1,50,Q,2008-Q4,66.43,,,,
ABS:LCI(1.0.0),1,126670,P1,50,Q,2009-Q1,61.96,,,,
ABS:LCI(1.0.0),1,126670,P1,50,Q,2009-Q2,53.3,,,,
ABS:LCI(1.0.0),1,126670,P1,50,Q,2009-Q3,53.76,,,,
ABS:LCI(1.0.0),1,126670,P1,50,Q,2009-Q4,55.35,,,,
ABS:LCI(1.0.0),1,126670,P1,50,Q,2010-Q1,59.01,,,,
ABS:LCI(1.0.0),1,126670,P1,50,Q,2010-Q2,62.33,,,,
ABS:LCI(1.0.0),1,126670,P1,50,Q,2010-Q3,64.88,,,,
ABS:LCI(1.0.0),1,126670,P1,50,Q,2010-Q4,66.22,,,,
ABS:LCI(1.0.0),1,126670,P1,50,Q,2011-Q1,68.33,,,,
ABS:LCI(1.0.0),1,126670,P1,50,Q,2011-Q2,69.14,,,,
ABS:LCI(1.0.0),1,126670,P1,50,Q,2011-Q3,69.49,,,,
ABS:LCI(1.0.0),1,126670,P1,50,Q,2011-Q4,69.81,,,,
ABS:LCI(1.0.0),1,126670,P1,50,Q,2012-Q1,67.8,,,,
ABS:LCI(1.0.0),1,126670,P1,50,Q,2012-Q2,67.62,,,,
ABS:LCI(1.0.0),1,126670,P1,50,Q,2012-Q3,64.86,,,,
ABS:LCI(1.0.0),1,126670,P1,50,Q,2012-Q4,64.23,,,,
ABS:LCI(1.0.0),1,126670,P1,50,Q,2013-Q1,62.91,,,,
ABS:LCI(1.0.0),1,126670,P1,50,Q,2013-Q2,62.31,,,,
ABS:LCI(1.0.0),1,126670,P1,50,Q,2013-Q3,60.8,,,,
ABS:LCI(1.0.0),1,126670,P1,50,Q,2013-Q4,59.55,,,,
ABS:LCI(1.0.0),1,126670,P1,50,Q,2014-Q1,60.06,,,,
ABS:LCI(1.0.0),1,126670,P1,50,Q,2014-Q2,60.1,,,,
ABS:LCI(1.0.0),1,126670,P1,50,Q,2014-Q3,60.48,,,,
ABS:LCI(1.0.0),1,126670,P1,50,Q,2014-Q4,60.91,,,,
ABS:LCI(1.0.0),1,126670,P1,50,Q,2015-Q1,60.96,,,,
ABS:LCI(1.0.0),1,126670,P1,50,Q,2015-Q2,59.72,,,,
ABS:LCI(1.0.0),1,126670,P1,50,Q,2015-Q3,59.13,,,,
ABS:LCI(1.0.0),1,126670,P1,50,Q,2015-Q4,59.78,,,,
ABS:LCI(1.0.0),1,126670,P1,50,Q,2016-Q1,61.1,,,,
ABS:LCI(1.0.0),1,126670,P1,50,Q,2016-Q2,61.17,,,,
ABS:LCI(1.0.0),1,126670,P1,50,Q,2016-Q3,60.18,,,,
ABS:LCI(1.0.0),1,126670,P1,50,Q,2016-Q4,59.3,,,,
ABS:LCI(1.0.0),1,126670,P1,50,Q,2017-Q1,60.1,,,,
ABS:LCI(1.0.0),1,126670,P1,50,Q,2017-Q2,60.15,,,,
ABS:LCI(1.0.0),1,126670,P1,50,Q,2017-Q3,61.18,,,,
ABS:LCI(1.0.0),1,126670,P1,50,Q,2017-Q4,61.64,,,,
ABS:LCI(1.0.0),1,126670,P1,50,Q,2018-Q1,61.91,,,,
ABS:LCI(1.0.0),1,126670,P1,50,Q,2018-Q2,62.18,,,,
ABS:LCI(1.0.0),1,126670,P1,50,Q,2018-Q3,62.51,,,,
ABS:LCI(1.0.0),1,126670,P1,50,Q,2018-Q4,63.15,,,,
ABS:LCI(1.0.0),1,126670,P1,50,Q,2019-Q1,63.18,,,,
ABS:LCI(1.0.0),1,126670,P1,50,Q,2019-Q2,63.18,,,,
ABS:LCI(1.0.0),1,126670,P1,50,Q,2019-Q3,60.39,,,,
ABS:LCI(1.0.0),1,126670,P1,50,Q,2019-Q4,58.7,,,,
ABS:LCI(1.0.0),1,126670,P1,50,Q,2020-Q1,57.96,,,,
ABS:LCI(1.0.0),1,126670,P1,50,Q,2020-Q2,56.55,,,,
ABS:LCI(1.0.0),1,126670,P1,50,Q,2020-Q3,54.36,,,,
ABS:LCI(1.0.0),1,126670,P1,50,Q,2020-Q4,53.67,,,,
ABS:LCI(1.0.0),1,126670,P1,50,Q,2021-Q1,52.95,,,,
ABS:LCI(1.0.0),1,126670,P1,50,Q,2021-Q2,52.56,,,,
ABS:LCI(1.0.0),1,126670,P1,50,Q,2021-Q3,52.46,,,,
ABS:LCI(1.0.0),1,126670,P1,50,Q,2021-Q4,52.08,,,,
ABS:LCI(1.0.0),1,126670,P1,50,Q,2022-Q1,52.29,,,,
ABS:LCI(1.0.0),1,126670,P1,50,Q,2022-Q2,53.02,,,,
ABS:LCI(1.0.0),1,126670,P1,50,Q,2022-Q3,59.84,,,,
ABS:LCI(1.0.0),1,126670,P1,50,Q,2022-Q4,69.19,,,,
ABS:LCI(1.0.0),1,126670,P1,50,Q,2023-Q1,74.77,,,,
ABS:LCI(1.0.0),1,126670,P1,50,Q,2023-Q2,80.46,,,,
ABS:LCI(1.0.0),1,126670,P1,50,Q,2023-Q3,86,,,,
ABS:LCI(1.0.0),1,126670,P1,50,Q,2023-Q4,90.24,,,,
ABS:LCI(1.0.0),1,126670,P1,50,Q,2024-Q1,95.73,,,,
ABS:LCI(1.0.0),1,126670,P1,50,Q,2024-Q2,98.3,,,,
ABS:LCI(1.0.0),1,126670,P1,50,Q,2024-Q3,100.94,,,,
ABS:LCI(1.0.0),1,126670,P1,50,Q,2024-Q4,102.33,,,,
ABS:LCI(1.0.0),1,126670,P1,50,Q,2025-Q1,103.63,,,,
ABS:LCI(1.0.0),1,126670,P1,50,Q,2025-Q2,102.52,,,,
ABS:LCI(1.0.0),1,126670,P1,50,Q,2025-Q3,100,,,,
ABS:LCI(1.0.0),1,126670,P1,50,Q,2025-Q4,98.15,,,,
ABS:LCI(1.0.0),1,115493,P1,50,Q,2007-Q2,46.12,,,,
ABS:LCI(1.0.0),1,115493,P1,50,Q,2007-Q3,45.63,,,,
ABS:LCI(1.0.0),1,115493,P1,50,Q,2007-Q4,45.64,,,,
ABS:LCI(1.0.0),1,115493,P1,50,Q,2008-Q1,48.09,,,,
ABS:LCI(1.0.0),1,115493,P1,50,Q,2008-Q2,48.11,,,,
ABS:LCI(1.0.0),1,115493,P1,50,Q,2008-Q3,47.87,,,,
ABS:LCI(1.0.0),1,115493,P1,50,Q,2008-Q4,47.88,,,,
ABS:LCI(1.0.0),1,115493,P1,50,Q,2009-Q1,50.59,,,,
ABS:LCI(1.0.0),1,115493,P1,50,Q,2009-Q2,50.62,,,,
ABS:LCI(1.0.0),1,115493,P1,50,Q,2009-Q3,50.63,,,,
ABS:LCI(1.0.0),1,115493,P1,50,Q,2009-Q4,50.66,,,,
ABS:LCI(1.0.0),1,115493,P1,50,Q,2010-Q1,53.38,,,,
ABS:LCI(1.0.0),1,115493,P1,50,Q,2010-Q2,53.39,,,,
ABS:LCI(1.0.0),1,115493,P1,50,Q,2010-Q3,53.45,,,,
ABS:LCI(1.0.0),1,115493,P1,50,Q,2010-Q4,53.44,,,,
ABS:LCI(1.0.0),1,115493,P1,50,Q,2011-Q1,56.49,,,,
ABS:LCI(1.0.0),1,115493,P1,50,Q,2011-Q2,56.5,,,,
ABS:LCI(1.0.0),1,115493,P1,50,Q,2011-Q3,56.52,,,,
ABS:LCI(1.0.0),1,115493,P1,50,Q,2011-Q4,56.54,,,,
ABS:LCI(1.0.0),1,115493,P1,50,Q,2012-Q1,59.95,,,,
ABS:LCI(1.0.0),1,115493,P1,50,Q,2012-Q2,59.97,,,,
ABS:LCI(1.0.0),1,115493,P1,50,Q,2012-Q3,60.02,,,,
ABS:LCI(1.0.0),1,115493,P1,50,Q,2012-Q4,60.03,,,,
ABS:LCI(1.0.0),1,115493,P1,50,Q,2013-Q1,63.39,,,,
ABS:LCI(1.0.0),1,115493,P1,50,Q,2013-Q2,63.29,,,,
ABS:LCI(1.0.0),1,115493,P1,50,Q,2013-Q3,63.32,,,,
ABS:LCI(1.0.0),1,115493,P1,50,Q,2013-Q4,63.33,,,,
ABS:LCI(1.0.0),1,115493,P1,50,Q,2014-Q1,66.62,,,,
ABS:LCI(1.0.0),1,115493,P1,50,Q,2014-Q2,66.64,,,,
ABS:LCI(1.0.0),1,115493,P1,50,Q,2014-Q3,66.69,,,,
ABS:LCI(1.0.0),1,115493,P1,50,Q,2014-Q4,66.72,,,,
ABS:LCI(1.0.0),1,115493,P1,50,Q,2015-Q1,70.3,,,,
ABS:LCI(1.0.0),1,115493,P1,50,Q,2015-Q2,70.32,,,,
ABS:LCI(1.0.0),1,115493,P1,50,Q,2015-Q3,70.41,,,,
ABS:LCI(1.0.0),1,115493,P1,50,Q,2015-Q4,70.41,,,,
ABS:LCI(1.0.0),1,115493,P1,50,Q,2016-Q1,72.79,,,,
ABS:LCI(1.0.0),1,115493,P1,50,Q,2016-Q2,72.8,,,,
ABS:LCI(1.0.0),1,115493,P1,50,Q,2016-Q3,72.92,,,,
ABS:LCI(1.0.0),1,115493,P1,50,Q,2016-Q4,72.93,,,,
ABS:LCI(1.0.0),1,115493,P1,50,Q,2017-Q1,75.21,,,,
ABS:LCI(1.0.0),1,115493,P1,50,Q,2017-Q2,75.21,,,,
ABS:LCI(1.0.0),1,115493,P1,50,Q,2017-Q3,75.25,,,,
ABS:LCI(1.0.0),1,115493,P1,50,Q,2017-Q4,75.29,,,,
ABS:LCI(1.0.0),1,115493,P1,50,Q,2018-Q1,77.39,,,,
ABS:LCI(1.0.0),1,115493,P1,50,Q,2018-Q2,77.43,,,,
ABS:LCI(1.0.0),1,115493,P1,50,Q,2018-Q3,77.35,,,,
ABS:LCI(1.0.0),1,115493,P1,50,Q,2018-Q4,77.37,,,,
ABS:LCI(1.0.0),1,115493,P1,50,Q,2019-Q1,79.58,,,,
ABS:LCI(1.0.0),1,115493,P1,50,Q,2019-Q2,79.61,,,,
ABS:LCI(1.0.0),1,115493,P1,50,Q,2019-Q3,79.68,,,,
ABS:LCI(1.0.0),1,115493,P1,50,Q,2019-Q4,79.72,,,,
ABS:LCI(1.0.0),1,115493,P1,50,Q,2020-Q1,81.87,,,,
ABS:LCI(1.0.0),1,115493,P1,50,Q,2020-Q2,78.43,,,,
ABS:LCI(1.0.0),1,115493,P1,50,Q,2020-Q3,80.21,,,,
ABS:LCI(1.0.0),1,115493,P1,50,Q,2020-Q4,81.32,,,,
ABS:LCI(1.0.0),1,115493,P1,50,Q,2021-Q1,81.93,,,,
ABS:LCI(1.0.0),1,115493,P1,50,Q,2021-Q2,81.96,,,,
ABS:LCI(1.0.0),1,115493,P1,50,Q,2021-Q3,82.02,,,,
ABS:LCI(1.0.0),1,115493,P1,50,Q,2021-Q4,82.03,,,,
ABS:LCI(1.0.0),1,115493,P1,50,Q,2022-Q1,85.63,,,,
ABS:LCI(1.0.0),1,115493,P1,50,Q,2022-Q2,85.63,,,,
ABS:LCI(1.0.0),1,115493,P1,50,Q,2022-Q3,85.66,,,,
ABS:LCI(1.0.0),1,115493,P1,50,Q,2022-Q4,85.74,,,,
ABS:LCI(1.0.0),1,115493,P1,50,Q,2023-Q1,89.84,,,,
ABS:LCI(1.0.0),1,115493,P1,50,Q,2023-Q2,89.59,,,,
ABS:LCI(1.0.0),1,115493,P1,50,Q,2023-Q3,89.18,,,,
ABS:LCI(1.0.0),1,115493,P1,50,Q,2023-Q4,89.1,,,,
ABS:LCI(1.0.0),1,115493,P1,50,Q,2024-Q1,94.25,,,,
ABS:LCI(1.0.0),1,115493,P1,50,Q,2024-Q2,94.46,,,,
ABS:LCI(1.0.0),1,115493,P1,50,Q,2024-Q3,94.84,,,,
ABS:LCI(1.0.0),1,115493,P1,50,Q,2024-Q4,94.8,,,,
ABS:LCI(1.0.0),1,115493,P1,50,Q,2025-Q1,99.89,,,,
ABS:LCI(1.0.0),1,115493,P1,50,Q,2025-Q2,99.86,,,,
ABS:LCI(1.0.0),1,115493,P1,50,Q,2025-Q3,100,,,,
ABS:LCI(1.0.0),1,115493,P1,50,Q,2025-Q4,100.1,,,,
ABS:LCI(1.0.0),1,10001,P1,50,Q,1998-Q2,46.51,,,,
ABS:LCI(1.0.0),1,10001,P1,50,Q,1998-Q3,46.65,,,,
ABS:LCI(1.0.0),1,10001,P1,50,Q,1998-Q4,46.78,,,,
ABS:LCI(1.0.0),1,10001,P1,50,Q,1999-Q1,46.65,,,,
ABS:LCI(1.0.0),1,10001,P1,50,Q,1999-Q2,46.83,,,,
ABS:LCI(1.0.0),1,10001,P1,50,Q,1999-Q3,47.2,,,,
ABS:LCI(1.0.0),1,10001,P1,50,Q,1999-Q4,47.39,,,,
ABS:LCI(1.0.0),1,10001,P1,50,Q,2000-Q1,47.9,,,,
ABS:LCI(1.0.0),1,10001,P1,50,Q,2000-Q2,48.41,,,,
ABS:LCI(1.0.0),1,10001,P1,50,Q,2000-Q3,50.18,,,,
ABS:LCI(1.0.0),1,10001,P1,50,Q,2000-Q4,50.46,,,,
ABS:LCI(1.0.0),1,10001,P1,50,Q,2001-Q1,51.03,,,,
ABS:LCI(1.0.0),1,10001,P1,50,Q,2001-Q2,51.16,,,,
ABS:LCI(1.0.0),1,10001,P1,50,Q,2001-Q3,51.25,,,,
ABS:LCI(1.0.0),1,10001,P1,50,Q,2001-Q4,51.53,,,,
ABS:LCI(1.0.0),1,10001,P1,50,Q,2002-Q1,51.99,,,,
ABS:LCI(1.0.0),1,10001,P1,50,Q,2002-Q2,52.29,,,,
ABS:LCI(1.0.0),1,10001,P1,50,Q,2002-Q3,52.85,,,,
ABS:LCI(1.0.0),1,10001,P1,50,Q,2002-Q4,53.2,,,,
ABS:LCI(1.0.0),1,10001,P1,50,Q,2003-Q1,53.9,,,,
ABS:LCI(1.0.0),1,10001,P1,50,Q,2003-Q2,53.87,,,,
ABS:LCI(1.0.0),1,10001,P1,50,Q,2003-Q3,54.23,,,,
ABS:LCI(1.0.0),1,10001,P1,50,Q,2003-Q4,54.56,,,,
ABS:LCI(1.0.0),1,10001,P1,50,Q,2004-Q1,55.23,,,,
ABS:LCI(1.0.0),1,10001,P1,50,Q,2004-Q2,55.61,,,,
ABS:LCI(1.0.0),1,10001,P1,50,Q,2004-Q3,55.94,,,,
ABS:LCI(1.0.0),1,10001,P1,50,Q,2004-Q4,56.38,,,,
ABS:LCI(1.0.0),1,10001,P1,50,Q,2005-Q1,56.73,,,,
ABS:LCI(1.0.0),1,10001,P1,50,Q,2005-Q2,57.27,,,,
ABS:LCI(1.0.0),1,10001,P1,50,Q,2005-Q3,57.9,,,,
ABS:LCI(1.0.0),1,10001,P1,50,Q,2005-Q4,58.15,,,,
ABS:LCI(1.0.0),1,10001,P1,50,Q,2006-Q1,58.78,,,,
ABS:LCI(1.0.0),1,10001,P1,50,Q,2006-Q2,59.82,,,,
ABS:LCI(1.0.0),1,10001,P1,50,Q,2006-Q3,60.55,,,,
ABS:LCI(1.0.0),1,10001,P1,50,Q,2006-Q4,60.64,,,,
ABS:LCI(1.0.0),1,10001,P1,50,Q,2007-Q1,60.87,,,,
ABS:LCI(1.0.0),1,10001,P1,50,Q,2007-Q2,61.67,,,,
ABS:LCI(1.0.0),1,10001,P1,50,Q,2007-Q3,62.21,,,,
ABS:LCI(1.0.0),1,10001,P1,50,Q,2007-Q4,62.82,,,,
ABS:LCI(1.0.0),1,10001,P1,50,Q,2008-Q1,63.94,,,,
ABS:LCI(1.0.0),1,10001,P1,50,Q,2008-Q2,65.22,,,,
ABS:LCI(1.0.0),1,10001,P1,50,Q,2008-Q3,66.05,,,,
ABS:LCI(1.0.0),1,10001,P1,50,Q,2008-Q4,65.61,,,,
ABS:LCI(1.0.0),1,10001,P1,50,Q,2009-Q1,65.46,,,,
ABS:LCI(1.0.0),1,10001,P1,50,Q,2009-Q2,64.73,,,,
ABS:LCI(1.0.0),1,10001,P1,50,Q,2009-Q3,65.37,,,,
ABS:LCI(1.0.0),1,10001,P1,50,Q,2009-Q4,65.85,,,,
ABS:LCI(1.0.0),1,10001,P1,50,Q,2010-Q1,66.75,,,,
ABS:LCI(1.0.0),1,10001,P1,50,Q,2010-Q2,67.6,,,,
ABS:LCI(1.0.0),1,10001,P1,50,Q,2010-Q3,68.42,,,,
ABS:LCI(1.0.0),1,10001,P1,50,Q,2010-Q4,68.85,,,,
ABS:LCI(1.0.0),1,10001,P1,50,Q,2011-Q1,69.99,,,,
ABS:LCI(1.0.0),1,10001,P1,50,Q,2011-Q2,70.65,,,,
ABS:LCI(1.0.0),1,10001,P1,50,Q,2011-Q3,71.08,,,,
ABS:LCI(1.0.0),1,10001,P1,50,Q,2011-Q4,71.09,,,,
ABS:LCI(1.0.0),1,10001,P1,50,Q,2012-Q1,70.82,,,,
ABS:LCI(1.0.0),1,10001,P1,50,Q,2012-Q2,71.14,,,,
ABS:LCI(1.0.0),1,10001,P1,50,Q,2012-Q3,71.58,,,,
ABS:LCI(1.0.0),1,10001,P1,50,Q,2012-Q4,71.63,,,,
ABS:LCI(1.0.0),1,10001,P1,50,Q,2013-Q1,71.52,,,,
ABS:LCI(1.0.0),1,10001,P1,50,Q,2013-Q2,71.64,,,,
ABS:LCI(1.0.0),1,10001,P1,50,Q,2013-Q3,72.25,,,,
ABS:LCI(1.0.0),1,10001,P1,50,Q,2013-Q4,72.52,,,,
ABS:LCI(1.0.0),1,10001,P1,50,Q,2014-Q1,73,,,,
ABS:LCI(1.0.0),1,10001,P1,50,Q,2014-Q2,73.28,,,,
ABS:LCI(1.0.0),1,10001,P1,50,Q,2014-Q3,73.59,,,,
ABS:LCI(1.0.0),1,10001,P1,50,Q,2014-Q4,73.66,,,,
ABS:LCI(1.0.0),1,10001,P1,50,Q,2015-Q1,73.7,,,,
ABS:LCI(1.0.0),1,10001,P1,50,Q,2015-Q2,73.95,,,,
ABS:LCI(1.0.0),1,10001,P1,50,Q,2015-Q3,74.1,,,,
ABS:LCI(1.0.0),1,10001,P1,50,Q,2015-Q4,74.44,,,,
ABS:LCI(1.0.0),1,10001,P1,50,Q,2016-Q1,74.41,,,,
ABS:LCI(1.0.0),1,10001,P1,50,Q,2016-Q2,74.67,,,,
ABS:LCI(1.0.0),1,10001,P1,50,Q,2016-Q3,74.99,,,,
ABS:LCI(1.0.0),1,10001,P1,50,Q,2016-Q4,75.2,,,,
ABS:LCI(1.0.0),1,10001,P1,50,Q,2017-Q1,75.55,,,,
ABS:LCI(1.0.0),1,10001,P1,50,Q,2017-Q2,75.64,,,,
ABS:LCI(1.0.0),1,10001,P1,50,Q,2017-Q3,76.16,,,,
ABS:LCI(1.0.0),1,10001,P1,50,Q,2017-Q4,76.74,,,,
ABS:LCI(1.0.0),1,10001,P1,50,Q,2018-Q1,77.05,,,,
ABS:LCI(1.0.0),1,10001,P1,50,Q,2018-Q2,77.32,,,,
ABS:LCI(1.0.0),1,10001,P1,50,Q,2018-Q3,77.63,,,,
ABS:LCI(1.0.0),1,10001,P1,50,Q,2018-Q4,78.11,,,,
ABS:LCI(1.0.0),1,10001,P1,50,Q,2019-Q1,78.11,,,,
ABS:LCI(1.0.0),1,10001,P1,50,Q,2019-Q2,78.59,,,,
ABS:LCI(1.0.0),1,10001,P1,50,Q,2019-Q3,78.64,,,,
ABS:LCI(1.0.0),1,10001,P1,50,Q,2019-Q4,78.88,,,,
ABS:LCI(1.0.0),1,10001,P1,50,Q,2020-Q1,79,,,,
ABS:LCI(1.0.0),1,10001,P1,50,Q,2020-Q2,76.92,,,,
ABS:LCI(1.0.0),1,10001,P1,50,Q,2020-Q3,77.91,,,,
ABS:LCI(1.0.0),1,10001,P1,50,Q,2020-Q4,78.59,,,,
ABS:LCI(1.0.0),1,10001,P1,50,Q,2021-Q1,78.97,,,,
ABS:LCI(1.0.0),1,10001,P1,50,Q,2021-Q2,79.51,,,,
ABS:LCI(1.0.0),1,10001,P1,50,Q,2021-Q3,79.95,,,,
ABS:LCI(1.0.0),1,10001,P1,50,Q,2021-Q4,80.62,,,,
ABS:LCI(1.0.0),1,10001,P1,50,Q,2022-Q1,81.98,,,,
ABS:LCI(1.0.0),1,10001,P1,50,Q,2022-Q2,83.16,,,,
ABS:LCI(1.0.0),1,10001,P1,50,Q,2022-Q3,85.37,,,,
ABS:LCI(1.0.0),1,10001,P1,50,Q,2022-Q4,88.12,,,,
ABS:LCI(1.0.0),1,10001,P1,50,Q,2023-Q1,89.83,,,,
ABS:LCI(1.0.0),1,10001,P1,50,Q,2023-Q2,91.23,,,,
ABS:LCI(1.0.0),1,10001,P1,50,Q,2023-Q3,93.03,,,,
ABS:LCI(1.0.0),1,10001,P1,50,Q,2023-Q4,94.1,,,,
ABS:LCI(1.0.0),1,10001,P1,50,Q,2024-Q1,95.66,,,,
ABS:LCI(1.0.0),1,10001,P1,50,Q,2024-Q2,96.92,,,,
ABS:LCI(1.0.0),1,10001,P1,50,Q,2024-Q3,97.43,,,,
ABS:LCI(1.0.0),1,10001,P1,50,Q,2024-Q4,97.87,,,,
ABS:LCI(1.0.0),1,10001,P1,50,Q,2025-Q1,98.93,,,,
ABS:LCI(1.0.0),1,10001,P1,50,Q,2025-Q2,99.38,,,,
ABS:LCI(1.0.0),1,10001,P1,50,Q,2025-Q3,100,,,,
ABS:LCI(1.0.0),1,10001,P1,50,Q,2025-Q4,100.15,,,,
ABS:LCI(1.0.0),1,115488,P1,50,Q,2007-Q2,122.92,,,,
ABS:LCI(1.0.0),1,115488,P1,50,Q,2007-Q3,123.04,,,,
ABS:LCI(1.0.0),1,115488,P1,50,Q,2007-Q4,123.04,,,,
ABS:LCI(1.0.0),1,115488,P1,50,Q,2008-Q1,122.92,,,,
ABS:LCI(1.0.0),1,115488,P1,50,Q,2008-Q2,123.04,,,,
ABS:LCI(1.0.0),1,115488,P1,50,Q,2008-Q3,123.38,,,,
ABS:LCI(1.0.0),1,115488,P1,50,Q,2008-Q4,123.73,,,,
ABS:LCI(1.0.0),1,115488,P1,50,Q,2009-Q1,124.19,,,,
ABS:LCI(1.0.0),1,115488,P1,50,Q,2009-Q2,124.47,,,,
ABS:LCI(1.0.0),1,115488,P1,50,Q,2009-Q3,124.52,,,,
ABS:LCI(1.0.0),1,115488,P1,50,Q,2009-Q4,124.44,,,,
ABS:LCI(1.0.0),1,115488,P1,50,Q,2010-Q1,124.33,,,,
ABS:LCI(1.0.0),1,115488,P1,50,Q,2010-Q2,124.27,,,,
ABS:LCI(1.0.0),1,115488,P1,50,Q,2010-Q3,123.92,,,,
ABS:LCI(1.0.0),1,115488,P1,50,Q,2010-Q4,123.93,,,,
ABS:LCI(1.0.0),1,115488,P1,50,Q,2011-Q1,124.14,,,,
ABS:LCI(1.0.0),1,115488,P1,50,Q,2011-Q2,124.65,,,,
ABS:LCI(1.0.0),1,115488,P1,50,Q,2011-Q3,124.61,,,,
ABS:LCI(1.0.0),1,115488,P1,50,Q,2011-Q4,125.92,,,,
ABS:LCI(1.0.0),1,115488,P1,50,Q,2012-Q1,126.03,,,,
ABS:LCI(1.0.0),1,115488,P1,50,Q,2012-Q2,125.68,,,,
ABS:LCI(1.0.0),1,115488,P1,50,Q,2012-Q3,126.3,,,,
ABS:LCI(1.0.0),1,115488,P1,50,Q,2012-Q4,127.9,,,,
ABS:LCI(1.0.0),1,115488,P1,50,Q,2013-Q1,127.89,,,,
ABS:LCI(1.0.0),1,115488,P1,50,Q,2013-Q2,128.43,,,,
ABS:LCI(1.0.0),1,115488,P1,50,Q,2013-Q3,128.56,,,,
ABS:LCI(1.0.0),1,115488,P1,50,Q,2013-Q4,130.04,,,,
ABS:LCI(1.0.0),1,115488,P1,50,Q,2014-Q1,130.28,,,,
ABS:LCI(1.0.0),1,115488,P1,50,Q,2014-Q2,128.03,,,,
ABS:LCI(1.0.0),1,115488,P1,50,Q,2014-Q3,126.2,,,,
ABS:LCI(1.0.0),1,115488,P1,50,Q,2014-Q4,126.07,,,,
ABS:LCI(1.0.0),1,115488,P1,50,Q,2015-Q1,124.38,,,,
ABS:LCI(1.0.0),1,115488,P1,50,Q,2015-Q2,123.56,,,,
ABS:LCI(1.0.0),1,115488,P1,50,Q,2015-Q3,121.12,,,,
ABS:LCI(1.0.0),1,115488,P1,50,Q,2015-Q4,118.21,,,,
ABS:LCI(1.0.0),1,115488,P1,50,Q,2016-Q1,116.37,,,,
ABS:LCI(1.0.0),1,115488,P1,50,Q,2016-Q2,114.67,,,,
ABS:LCI(1.0.0),1,115488,P1,50,Q,2016-Q3,111.96,,,,
ABS:LCI(1.0.0),1,115488,P1,50,Q,2016-Q4,111.15,,,,
ABS:LCI(1.0.0),1,115488,P1,50,Q,2017-Q1,110.74,,,,
ABS:LCI(1.0.0),1,115488,P1,50,Q,2017-Q2,110.24,,,,
ABS:LCI(1.0.0),1,115488,P1,50,Q,2017-Q3,108.65,,,,
ABS:LCI(1.0.0),1,115488,P1,50,Q,2017-Q4,107.24,,,,
ABS:LCI(1.0.0),1,115488,P1,50,Q,2018-Q1,106.88,,,,
ABS:LCI(1.0.0),1,115488,P1,50,Q,2018-Q2,105.46,,,,
ABS:LCI(1.0.0),1,115488,P1,50,Q,2018-Q3,103.98,,,,
ABS:LCI(1.0.0),1,115488,P1,50,Q,2018-Q4,102.54,,,,
ABS:LCI(1.0.0),1,115488,P1,50,Q,2019-Q1,101.97,,,,
ABS:LCI(1.0.0),1,115488,P1,50,Q,2019-Q2,100.77,,,,
ABS:LCI(1.0.0),1,115488,P1,50,Q,2019-Q3,99.65,,,,
ABS:LCI(1.0.0),1,115488,P1,50,Q,2019-Q4,98.68,,,,
ABS:LCI(1.0.0),1,115488,P1,50,Q,2020-Q1,98.44,,,,
ABS:LCI(1.0.0),1,115488,P1,50,Q,2020-Q2,97.16,,,,
ABS:LCI(1.0.0),1,115488,P1,50,Q,2020-Q3,96.42,,,,
ABS:LCI(1.0.0),1,115488,P1,50,Q,2020-Q4,96.08,,,,
ABS:LCI(1.0.0),1,115488,P1,50,Q,2021-Q1,96.5,,,,
ABS:LCI(1.0.0),1,115488,P1,50,Q,2021-Q2,95.94,,,,
ABS:LCI(1.0.0),1,115488,P1,50,Q,2021-Q3,95.37,,,,
ABS:LCI(1.0.0),1,115488,P1,50,Q,2021-Q4,95.52,,,,
ABS:LCI(1.0.0),1,115488,P1,50,Q,2022-Q1,95.76,,,,
ABS:LCI(1.0.0),1,115488,P1,50,Q,2022-Q2,95.82,,,,
ABS:LCI(1.0.0),1,115488,P1,50,Q,2022-Q3,97.15,,,,
ABS:LCI(1.0.0),1,115488,P1,50,Q,2022-Q4,96.73,,,,
ABS:LCI(1.0.0),1,115488,P1,50,Q,2023-Q1,96.87,,,,
ABS:LCI(1.0.0),1,115488,P1,50,Q,2023-Q2,96.39,,,,
ABS:LCI(1.0.0),1,115488,P1,50,Q,2023-Q3,98.39,,,,
ABS:LCI(1.0.0),1,115488,P1,50,Q,2023-Q4,98.71,,,,
ABS:LCI(1.0.0),1,115488,P1,50,Q,2024-Q1,98.41,,,,
ABS:LCI(1.0.0),1,115488,P1,50,Q,2024-Q2,97.69,,,,
ABS:LCI(1.0.0),1,115488,P1,50,Q,2024-Q3,98.21,,,,
ABS:LCI(1.0.0),1,115488,P1,50,Q,2024-Q4,98.73,,,,
ABS:LCI(1.0.0),1,115488,P1,50,Q,2025-Q1,98.44,,,,
ABS:LCI(1.0.0),1,115488,P1,50,Q,2025-Q2,98.63,,,,
ABS:LCI(1.0.0),1,115488,P1,50,Q,2025-Q3,100,,,,
ABS:LCI(1.0.0),1,115488,P1,50,Q,2025-Q4,100.04,,,,
ABS:LCI(1.0.0),1,20005,P1,50,Q,2007-Q2,71.07,,,,
ABS:LCI(1.0.0),1,20005,P1,50,Q,2007-Q3,70.51,,,,
ABS:LCI(1.0.0),1,20005,P1,50,Q,2007-Q4,72.25,,,,
ABS:LCI(1.0.0),1,20005,P1,50,Q,2008-Q1,73.73,,,,
ABS:LCI(1.0.0),1,20005,P1,50,Q,2008-Q2,76.12,,,,
ABS:LCI(1.0.0),1,20005,P1,50,Q,2008-Q3,76.92,,,,
ABS:LCI(1.0.0),1,20005,P1,50,Q,2008-Q4,71.26,,,,
ABS:LCI(1.0.0),1,20005,P1,50,Q,2009-Q1,70.01,,,,
ABS:LCI(1.0.0),1,20005,P1,50,Q,2009-Q2,71.15,,,,
ABS:LCI(1.0.0),1,20005,P1,50,Q,2009-Q3,72.68,,,,
ABS:LCI(1.0.0),1,20005,P1,50,Q,2009-Q4,72.04,,,,
ABS:LCI(1.0.0),1,20005,P1,50,Q,2010-Q1,73.04,,,,
ABS:LCI(1.0.0),1,20005,P1,50,Q,2010-Q2,73.62,,,,
ABS:LCI(1.0.0),1,20005,P1,50,Q,2010-Q3,73.12,,,,
ABS:LCI(1.0.0),1,20005,P1,50,Q,2010-Q4,73.38,,,,
ABS:LCI(1.0.0),1,20005,P1,50,Q,2011-Q1,75.44,,,,
ABS:LCI(1.0.0),1,20005,P1,50,Q,2011-Q2,76.43,,,,
ABS:LCI(1.0.0),1,20005,P1,50,Q,2011-Q3,76.41,,,,
ABS:LCI(1.0.0),1,20005,P1,50,Q,2011-Q4,76.42,,,,
ABS:LCI(1.0.0),1,20005,P1,50,Q,2012-Q1,77.26,,,,
ABS:LCI(1.0.0),1,20005,P1,50,Q,2012-Q2,77.98,,,,
ABS:LCI(1.0.0),1,20005,P1,50,Q,2012-Q3,77.29,,,,
ABS:LCI(1.0.0),1,20005,P1,50,Q,2012-Q4,77.82,,,,
ABS:LCI(1.0.0),1,20005,P1,50,Q,2013-Q1,78.21,,,,
ABS:LCI(1.0.0),1,20005,P1,50,Q,2013-Q2,77.5,,,,
ABS:LCI(1.0.0),1,20005,P1,50,Q,2013-Q3,79.39,,,,
ABS:LCI(1.0.0),1,20005,P1,50,Q,2013-Q4,79.25,,,,
ABS:LCI(1.0.0),1,20005,P1,50,Q,2014-Q1,80.3,,,,
ABS:LCI(1.0.0),1,20005,P1,50,Q,2014-Q2,79.73,,,,
ABS:LCI(1.0.0),1,20005,P1,50,Q,2014-Q3,79.67,,,,
ABS:LCI(1.0.0),1,20005,P1,50,Q,2014-Q4,77.81,,,,
ABS:LCI(1.0.0),1,20005,P1,50,Q,2015-Q1,75.08,,,,
ABS:LCI(1.0.0),1,20005,P1,50,Q,2015-Q2,77.63,,,,
ABS:LCI(1.0.0),1,20005,P1,50,Q,2015-Q3,77.73,,,,
ABS:LCI(1.0.0),1,20005,P1,50,Q,2015-Q4,76.59,,,,
ABS:LCI(1.0.0),1,20005,P1,50,Q,2016-Q1,74.58,,,,
ABS:LCI(1.0.0),1,20005,P1,50,Q,2016-Q2,75.4,,,,
ABS:LCI(1.0.0),1,20005,P1,50,Q,2016-Q3,74.96,,,,
ABS:LCI(1.0.0),1,20005,P1,50,Q,2016-Q4,76.28,,,,
ABS:LCI(1.0.0),1,20005,P1,50,Q,2017-Q1,77.47,,,,
ABS:LCI(1.0.0),1,20005,P1,50,Q,2017-Q2,77,,,,
ABS:LCI(1.0.0),1,20005,P1,50,Q,2017-Q3,76.97,,,,
ABS:LCI(1.0.0),1,20005,P1,50,Q,2017-Q4,79.01,,,,
ABS:LCI(1.0.0),1,20005,P1,50,Q,2018-Q1,79.84,,,,
ABS:LCI(1.0.0),1,20005,P1,50,Q,2018-Q2,81.19,,,,
ABS:LCI(1.0.0),1,20005,P1,50,Q,2018-Q3,81.8,,,,
ABS:LCI(1.0.0),1,20005,P1,50,Q,2018-Q4,81.25,,,,
ABS:LCI(1.0.0),1,20005,P1,50,Q,2019-Q1,79.66,,,,
ABS:LCI(1.0.0),1,20005,P1,50,Q,2019-Q2,82.49,,,,
ABS:LCI(1.0.0),1,20005,P1,50,Q,2019-Q3,82.3,,,,
ABS:LCI(1.0.0),1,20005,P1,50,Q,2019-Q4,83.49,,,,
ABS:LCI(1.0.0),1,20005,P1,50,Q,2020-Q1,81.8,,,,
ABS:LCI(1.0.0),1,20005,P1,50,Q,2020-Q2,75.83,,,,
ABS:LCI(1.0.0),1,20005,P1,50,Q,2020-Q3,78.58,,,,
ABS:LCI(1.0.0),1,20005,P1,50,Q,2020-Q4,79.25,,,,
ABS:LCI(1.0.0),1,20005,P1,50,Q,2021-Q1,81.9,,,,
ABS:LCI(1.0.0),1,20005,P1,50,Q,2021-Q2,84.32,,,,
ABS:LCI(1.0.0),1,20005,P1,50,Q,2021-Q3,87.06,,,,
ABS:LCI(1.0.0),1,20005,P1,50,Q,2021-Q4,89.63,,,,
ABS:LCI(1.0.0),1,20005,P1,50,Q,2022-Q1,93.53,,,,
ABS:LCI(1.0.0),1,20005,P1,50,Q,2022-Q2,95.7,,,,
ABS:LCI(1.0.0),1,20005,P1,50,Q,2022-Q3,95.14,,,,
ABS:LCI(1.0.0),1,20005,P1,50,Q,2022-Q4,96.81,,,,
ABS:LCI(1.0.0),1,20005,P1,50,Q,2023-Q1,97.46,,,,
ABS:LCI(1.0.0),1,20005,P1,50,Q,2023-Q2,97.33,,,,
ABS:LCI(1.0.0),1,20005,P1,50,Q,2023-Q3,100.65,,,,
ABS:LCI(1.0.0),1,20005,P1,50,Q,2023-Q4,100.44,,,,
ABS:LCI(1.0.0),1,20005,P1,50,Q,2024-Q1,100.89,,,,
ABS:LCI(1.0.0),1,20005,P1,50,Q,2024-Q2,101.77,,,,
ABS:LCI(1.0.0),1,20005,P1,50,Q,2024-Q3,99.42,,,,
ABS:LCI(1.0.0),1,20005,P1,50,Q,2024-Q4,98.63,,,,
ABS:LCI(1.0.0),1,20005,P1,50,Q,2025-Q1,99.56,,,,
ABS:LCI(1.0.0),1,20005,P1,50,Q,2025-Q2,98.82,,,,
ABS:LCI(1.0.0),1,20005,P1,50,Q,2025-Q3,100,,,,
ABS:LCI(1.0.0),1,20005,P1,50,Q,2025-Q4,100.6,,,,
ABS:LCI(1.0.0),1,20001,P1,50,Q,2007-Q2,62.71,,,,
ABS:LCI(1.0.0),1,20001,P1,50,Q,2007-Q3,63.86,,,,
ABS:LCI(1.0.0),1,20001,P1,50,Q,2007-Q4,63.85,,,,
ABS:LCI(1.0.0),1,20001,P1,50,Q,2008-Q1,65.21,,,,
ABS:LCI(1.0.0),1,20001,P1,50,Q,2008-Q2,65.27,,,,
ABS:LCI(1.0.0),1,20001,P1,50,Q,2008-Q3,66.15,,,,
ABS:LCI(1.0.0),1,20001,P1,50,Q,2008-Q4,67.5,,,,
ABS:LCI(1.0.0),1,20001,P1,50,Q,2009-Q1,68.97,,,,
ABS:LCI(1.0.0),1,20001,P1,50,Q,2009-Q2,68.36,,,,
ABS:LCI(1.0.0),1,20001,P1,50,Q,2009-Q3,67.87,,,,
ABS:LCI(1.0.0),1,20001,P1,50,Q,2009-Q4,68.8,,,,
ABS:LCI(1.0.0),1,20001,P1,50,Q,2010-Q1,69.57,,,,
ABS:LCI(1.0.0),1,20001,P1,50,Q,2010-Q2,69.35,,,,
ABS:LCI(1.0.0),1,20001,P1,50,Q,2010-Q3,69.04,,,,
ABS:LCI(1.0.0),1,20001,P1,50,Q,2010-Q4,70.49,,,,
ABS:LCI(1.0.0),1,20001,P1,50,Q,2011-Q1,72.46,,,,
ABS:LCI(1.0.0),1,20001,P1,50,Q,2011-Q2,73.38,,,,
ABS:LCI(1.0.0),1,20001,P1,50,Q,2011-Q3,73.23,,,,
ABS:LCI(1.0.0),1,20001,P1,50,Q,2011-Q4,72.22,,,,
ABS:LCI(1.0.0),1,20001,P1,50,Q,2012-Q1,70.8,,,,
ABS:LCI(1.0.0),1,20001,P1,50,Q,2012-Q2,71.26,,,,
ABS:LCI(1.0.0),1,20001,P1,50,Q,2012-Q3,72.59,,,,
ABS:LCI(1.0.0),1,20001,P1,50,Q,2012-Q4,72.51,,,,
ABS:LCI(1.0.0),1,20001,P1,50,Q,2013-Q1,71.99,,,,
ABS:LCI(1.0.0),1,20001,P1,50,Q,2013-Q2,72.07,,,,
ABS:LCI(1.0.0),1,20001,P1,50,Q,2013-Q3,72.21,,,,
ABS:LCI(1.0.0),1,20001,P1,50,Q,2013-Q4,73.3,,,,
ABS:LCI(1.0.0),1,20001,P1,50,Q,2014-Q1,73.52,,,,
ABS:LCI(1.0.0),1,20001,P1,50,Q,2014-Q2,73.84,,,,
ABS:LCI(1.0.0),1,20001,P1,50,Q,2014-Q3,74.66,,,,
ABS:LCI(1.0.0),1,20001,P1,50,Q,2014-Q4,74.73,,,,
ABS:LCI(1.0.0),1,20001,P1,50,Q,2015-Q1,74.92,,,,
ABS:LCI(1.0.0),1,20001,P1,50,Q,2015-Q2,74.77,,,,
ABS:LCI(1.0.0),1,20001,P1,50,Q,2015-Q3,74.82,,,,
ABS:LCI(1.0.0),1,20001,P1,50,Q,2015-Q4,75.05,,,,
ABS:LCI(1.0.0),1,20001,P1,50,Q,2016-Q1,74.94,,,,
ABS:LCI(1.0.0),1,20001,P1,50,Q,2016-Q2,74.75,,,,
ABS:LCI(1.0.0),1,20001,P1,50,Q,2016-Q3,75.97,,,,
ABS:LCI(1.0.0),1,20001,P1,50,Q,2016-Q4,76.4,,,,
ABS:LCI(1.0.0),1,20001,P1,50,Q,2017-Q1,76.28,,,,
ABS:LCI(1.0.0),1,20001,P1,50,Q,2017-Q2,76.19,,,,
ABS:LCI(1.0.0),1,20001,P1,50,Q,2017-Q3,75.54,,,,
ABS:LCI(1.0.0),1,20001,P1,50,Q,2017-Q4,76.34,,,,
ABS:LCI(1.0.0),1,20001,P1,50,Q,2018-Q1,76.69,,,,
ABS:LCI(1.0.0),1,20001,P1,50,Q,2018-Q2,76.41,,,,
ABS:LCI(1.0.0),1,20001,P1,50,Q,2018-Q3,76.79,,,,
ABS:LCI(1.0.0),1,20001,P1,50,Q,2018-Q4,77.45,,,,
ABS:LCI(1.0.0),1,20001,P1,50,Q,2019-Q1,78.5,,,,
ABS:LCI(1.0.0),1,20001,P1,50,Q,2019-Q2,78.17,,,,
ABS:LCI(1.0.0),1,20001,P1,50,Q,2019-Q3,78.46,,,,
ABS:LCI(1.0.0),1,20001,P1,50,Q,2019-Q4,79.44,,,,
ABS:LCI(1.0.0),1,20001,P1,50,Q,2020-Q1,80.96,,,,
ABS:LCI(1.0.0),1,20001,P1,50,Q,2020-Q2,81.39,,,,
ABS:LCI(1.0.0),1,20001,P1,50,Q,2020-Q3,81.04,,,,
ABS:LCI(1.0.0),1,20001,P1,50,Q,2020-Q4,81.24,,,,
ABS:LCI(1.0.0),1,20001,P1,50,Q,2021-Q1,81.55,,,,
ABS:LCI(1.0.0),1,20001,P1,50,Q,2021-Q2,81.96,,,,
ABS:LCI(1.0.0),1,20001,P1,50,Q,2021-Q3,82.22,,,,
ABS:LCI(1.0.0),1,20001,P1,50,Q,2021-Q4,82.75,,,,
ABS:LCI(1.0.0),1,20001,P1,50,Q,2022-Q1,85,,,,
ABS:LCI(1.0.0),1,20001,P1,50,Q,2022-Q2,86.72,,,,
ABS:LCI(1.0.0),1,20001,P1,50,Q,2022-Q3,89.51,,,,
ABS:LCI(1.0.0),1,20001,P1,50,Q,2022-Q4,90.32,,,,
ABS:LCI(1.0.0),1,20001,P1,50,Q,2023-Q1,91.74,,,,
ABS:LCI(1.0.0),1,20001,P1,50,Q,2023-Q2,93.24,,,,
ABS:LCI(1.0.0),1,20001,P1,50,Q,2023-Q3,93.85,,,,
ABS:LCI(1.0.0),1,20001,P1,50,Q,2023-Q4,94.38,,,,
ABS:LCI(1.0.0),1,20001,P1,50,Q,2024-Q1,95.25,,,,
ABS:LCI(1.0.0),1,20001,P1,50,Q,2024-Q2,96.35,,,,
ABS:LCI(1.0.0),1,20001,P1,50,Q,2024-Q3,96.98,,,,
ABS:LCI(1.0.0),1,20001,P1,50,Q,2024-Q4,97.16,,,,
ABS:LCI(1.0.0),1,20001,P1,50,Q,2025-Q1,98.36,,,,
ABS:LCI(1.0.0),1,20001,P1,50,Q,2025-Q2,99.29,,,,
ABS:LCI(1.0.0),1,20001,P1,50,Q,2025-Q3,100,,,,
ABS:LCI(1.0.0),1,20001,P1,50,Q,2025-Q4,100.39,,,,
ABS:LCI(1.0.0),1,20006,P1,50,Q,2007-Q2,36.78,,,,
ABS:LCI(1.0.0),1,20006,P1,50,Q,2007-Q3,36.98,,,,
ABS:LCI(1.0.0),1,20006,P1,50,Q,2007-Q4,37.45,,,,
ABS:LCI(1.0.0),1,20006,P1,50,Q,2008-Q1,37.84,,,,
ABS:LCI(1.0.0),1,20006,P1,50,Q,2008-Q2,38.57,,,,
ABS:LCI(1.0.0),1,20006,P1,50,Q,2008-Q3,39.16,,,,
ABS:LCI(1.0.0),1,20006,P1,50,Q,2008-Q4,39.69,,,,
ABS:LCI(1.0.0),1,20006,P1,50,Q,2009-Q1,40.08,,,,
ABS:LCI(1.0.0),1,20006,P1,50,Q,2009-Q2,40.47,,,,
ABS:LCI(1.0.0),1,20006,P1,50,Q,2009-Q3,40.79,,,,
ABS:LCI(1.0.0),1,20006,P1,50,Q,2009-Q4,41.05,,,,
ABS:LCI(1.0.0),1,20006,P1,50,Q,2010-Q1,41.54,,,,
ABS:LCI(1.0.0),1,20006,P1,50,Q,2010-Q2,43.92,,,,
ABS:LCI(1.0.0),1,20006,P1,50,Q,2010-Q3,45.22,,,,
ABS:LCI(1.0.0),1,20006,P1,50,Q,2010-Q4,45.58,,,,
ABS:LCI(1.0.0),1,20006,P1,50,Q,2011-Q1,46.06,,,,
ABS:LCI(1.0.0),1,20006,P1,50,Q,2011-Q2,46.36,,,,
ABS:LCI(1.0.0),1,20006,P1,50,Q,2011-Q3,46.58,,,,
ABS:LCI(1.0.0),1,20006,P1,50,Q,2011-Q4,46.99,,,,
ABS:LCI(1.0.0),1,20006,P1,50,Q,2012-Q1,47.65,,,,
ABS:LCI(1.0.0),1,20006,P1,50,Q,2012-Q2,48.12,,,,
ABS:LCI(1.0.0),1,20006,P1,50,Q,2012-Q3,48.55,,,,
ABS:LCI(1.0.0),1,20006,P1,50,Q,2012-Q4,48.63,,,,
ABS:LCI(1.0.0),1,20006,P1,50,Q,2013-Q1,49.36,,,,
ABS:LCI(1.0.0),1,20006,P1,50,Q,2013-Q2,50.01,,,,
ABS:LCI(1.0.0),1,20006,P1,50,Q,2013-Q3,50.4,,,,
ABS:LCI(1.0.0),1,20006,P1,50,Q,2013-Q4,51.2,,,,
ABS:LCI(1.0.0),1,20006,P1,50,Q,2014-Q1,52.61,,,,
ABS:LCI(1.0.0),1,20006,P1,50,Q,2014-Q2,53.41,,,,
ABS:LCI(1.0.0),1,20006,P1,50,Q,2014-Q3,53.96,,,,
ABS:LCI(1.0.0),1,20006,P1,50,Q,2014-Q4,54.81,,,,
ABS:LCI(1.0.0),1,20006,P1,50,Q,2015-Q1,55.24,,,,
ABS:LCI(1.0.0),1,20006,P1,50,Q,2015-Q2,55.88,,,,
ABS:LCI(1.0.0),1,20006,P1,50,Q,2015-Q3,56.54,,,,
ABS:LCI(1.0.0),1,20006,P1,50,Q,2015-Q4,58,,,,
ABS:LCI(1.0.0),1,20006,P1,50,Q,2016-Q1,58.5,,,,
ABS:LCI(1.0.0),1,20006,P1,50,Q,2016-Q2,59.05,,,,
ABS:LCI(1.0.0),1,20006,P1,50,Q,2016-Q3,59.7,,,,
ABS:LCI(1.0.0),1,20006,P1,50,Q,2016-Q4,61.28,,,,
ABS:LCI(1.0.0),1,20006,P1,50,Q,2017-Q1,61.96,,,,
ABS:LCI(1.0.0),1,20006,P1,50,Q,2017-Q2,62.42,,,,
ABS:LCI(1.0.0),1,20006,P1,50,Q,2017-Q3,63.71,,,,
ABS:LCI(1.0.0),1,20006,P1,50,Q,2017-Q4,65.67,,,,
ABS:LCI(1.0.0),1,20006,P1,50,Q,2018-Q1,66.19,,,,
ABS:LCI(1.0.0),1,20006,P1,50,Q,2018-Q2,67.16,,,,
ABS:LCI(1.0.0),1,20006,P1,50,Q,2018-Q3,68.01,,,,
ABS:LCI(1.0.0),1,20006,P1,50,Q,2018-Q4,70.03,,,,
ABS:LCI(1.0.0),1,20006,P1,50,Q,2019-Q1,70.29,,,,
ABS:LCI(1.0.0),1,20006,P1,50,Q,2019-Q2,70.99,,,,
ABS:LCI(1.0.0),1,20006,P1,50,Q,2019-Q3,72.37,,,,
ABS:LCI(1.0.0),1,20006,P1,50,Q,2019-Q4,74.44,,,,
ABS:LCI(1.0.0),1,20006,P1,50,Q,2020-Q1,75.62,,,,
ABS:LCI(1.0.0),1,20006,P1,50,Q,2020-Q2,76.77,,,,
ABS:LCI(1.0.0),1,20006,P1,50,Q,2020-Q3,77.97,,,,
ABS:LCI(1.0.0),1,20006,P1,50,Q,2020-Q4,81.09,,,,
ABS:LCI(1.0.0),1,20006,P1,50,Q,2021-Q1,81.38,,,,
ABS:LCI(1.0.0),1,20006,P1,50,Q,2021-Q2,81.72,,,,
ABS:LCI(1.0.0),1,20006,P1,50,Q,2021-Q3,81.28,,,,
ABS:LCI(1.0.0),1,20006,P1,50,Q,2021-Q4,81.98,,,,
ABS:LCI(1.0.0),1,20006,P1,50,Q,2022-Q1,82.86,,,,
ABS:LCI(1.0.0),1,20006,P1,50,Q,2022-Q2,83.5,,,,
ABS:LCI(1.0.0),1,20006,P1,50,Q,2022-Q3,84.55,,,,
ABS:LCI(1.0.0),1,20006,P1,50,Q,2022-Q4,85.57,,,,
ABS:LCI(1.0.0),1,20006,P1,50,Q,2023-Q1,86.62,,,,
ABS:LCI(1.0.0),1,20006,P1,50,Q,2023-Q2,87.52,,,,
ABS:LCI(1.0.0),1,20006,P1,50,Q,2023-Q3,88.79,,,,
ABS:LCI(1.0.0),1,20006,P1,50,Q,2023-Q4,91.19,,,,
ABS:LCI(1.0.0),1,20006,P1,50,Q,2024-Q1,91.99,,,,
ABS:LCI(1.0.0),1,20006,P1,50,Q,2024-Q2,93.27,,,,
ABS:LCI(1.0.0),1,20006,P1,50,Q,2024-Q3,94.55,,,,
ABS:LCI(1.0.0),1,20006,P1,50,Q,2024-Q4,96.67,,,,
ABS:LCI(1.0.0),1,20006,P1,50,Q,2025-Q1,97.87,,,,
ABS:LCI(1.0.0),1,20006,P1,50,Q,2025-Q2,98.43,,,,
ABS:LCI(1.0.0),1,20006,P1,50,Q,2025-Q3,100,,,,
ABS:LCI(1.0.0),1,20006,P1,50,Q,2025-Q4,100.84,,,,
ABS:LCI(1.0.0),1,131279,P1,50,Q,1998-Q2,56.4,,,,
ABS:LCI(1.0.0),1,131279,P1,50,Q,1998-Q3,55.89,,,,
ABS:LCI(1.0.0),1,131279,P1,50,Q,1998-Q4,55.5,,,,
ABS:LCI(1.0.0),1,131279,P1,50,Q,1999-Q1,54.59,,,,
ABS:LCI(1.0.0),1,131279,P1,50,Q,1999-Q2,53.75,,,,
ABS:LCI(1.0.0),1,131279,P1,50,Q,1999-Q3,53.02,,,,
ABS:LCI(1.0.0),1,131279,P1,50,Q,1999-Q4,53.3,,,,
ABS:LCI(1.0.0),1,131279,P1,50,Q,2000-Q1,52.96,,,,
ABS:LCI(1.0.0),1,131279,P1,50,Q,2000-Q2,51.7,,,,
ABS:LCI(1.0.0),1,131279,P1,50,Q,2000-Q3,53.8,,,,
ABS:LCI(1.0.0),1,131279,P1,50,Q,2000-Q4,55.15,,,,
ABS:LCI(1.0.0),1,131279,P1,50,Q,2001-Q1,54.92,,,,
ABS:LCI(1.0.0),1,131279,P1,50,Q,2001-Q2,54.64,,,,
ABS:LCI(1.0.0),1,131279,P1,50,Q,2001-Q3,54.37,,,,
ABS:LCI(1.0.0),1,131279,P1,50,Q,2001-Q4,54.1,,,,
ABS:LCI(1.0.0),1,131279,P1,50,Q,2002-Q1,55.13,,,,
ABS:LCI(1.0.0),1,131279,P1,50,Q,2002-Q2,54.32,,,,
ABS:LCI(1.0.0),1,131279,P1,50,Q,2002-Q3,54.79,,,,
ABS:LCI(1.0.0),1,131279,P1,50,Q,2002-Q4,55,,,,
ABS:LCI(1.0.0),1,131279,P1,50,Q,2003-Q1,55.35,,,,
ABS:LCI(1.0.0),1,131279,P1,50,Q,2003-Q2,56.02,,,,
ABS:LCI(1.0.0),1,131279,P1,50,Q,2003-Q3,56.44,,,,
ABS:LCI(1.0.0),1,131279,P1,50,Q,2003-Q4,56.69,,,,
ABS:LCI(1.0.0),1,131279,P1,50,Q,2004-Q1,56.9,,,,
ABS:LCI(1.0.0),1,131279,P1,50,Q,2004-Q2,57.65,,,,
ABS:LCI(1.0.0),1,131279,P1,50,Q,2004-Q3,59.37,,,,
ABS:LCI(1.0.0),1,131279,P1,50,Q,2004-Q4,59.68,,,,
ABS:LCI(1.0.0),1,131279,P1,50,Q,2005-Q1,60.15,,,,
ABS:LCI(1.0.0),1,131279,P1,50,Q,2005-Q2,60.51,,,,
ABS:LCI(1.0.0),1,131279,P1,50,Q,2005-Q3,60.95,,,,
ABS:LCI(1.0.0),1,131279,P1,50,Q,2005-Q4,60.39,,,,
ABS:LCI(1.0.0),1,131279,P1,50,Q,2006-Q1,60.66,,,,
ABS:LCI(1.0.0),1,131279,P1,50,Q,2006-Q2,61.4,,,,
ABS:LCI(1.0.0),1,131279,P1,50,Q,2006-Q3,62.52,,,,
ABS:LCI(1.0.0),1,131279,P1,50,Q,2006-Q4,63.67,,,,
ABS:LCI(1.0.0),1,131279,P1,50,Q,2007-Q1,64.57,,,,
ABS:LCI(1.0.0),1,131279,P1,50,Q,2007-Q2,64.57,,,,
ABS:LCI(1.0.0),1,131279,P1,50,Q,2007-Q3,66.67,,,,
ABS:LCI(1.0.0),1,131279,P1,50,Q,2007-Q4,68.12,,,,
ABS:LCI(1.0.0),1,131279,P1,50,Q,2008-Q1,70.35,,,,
ABS:LCI(1.0.0),1,131279,P1,50,Q,2008-Q2,71.8,,,,
ABS:LCI(1.0.0),1,131279,P1,50,Q,2008-Q3,74.23,,,,
ABS:LCI(1.0.0),1,131279,P1,50,Q,2008-Q4,78.09,,,,
ABS:LCI(1.0.0),1,131279,P1,50,Q,2009-Q1,74.73,,,,
ABS:LCI(1.0.0),1,131279,P1,50,Q,2009-Q2,72.68,,,,
ABS:LCI(1.0.0),1,131279,P1,50,Q,2009-Q3,72.84,,,,
ABS:LCI(1.0.0),1,131279,P1,50,Q,2009-Q4,74.55,,,,
ABS:LCI(1.0.0),1,131279,P1,50,Q,2010-Q1,77.16,,,,
ABS:LCI(1.0.0),1,131279,P1,50,Q,2010-Q2,79.01,,,,
ABS:LCI(1.0.0),1,131279,P1,50,Q,2010-Q3,80.75,,,,
ABS:LCI(1.0.0),1,131279,P1,50,Q,2010-Q4,82.77,,,,
ABS:LCI(1.0.0),1,131279,P1,50,Q,2011-Q1,84.21,,,,
ABS:LCI(1.0.0),1,131279,P1,50,Q,2011-Q2,84.8,,,,
ABS:LCI(1.0.0),1,131279,P1,50,Q,2011-Q3,86.89,,,,
ABS:LCI(1.0.0),1,131279,P1,50,Q,2011-Q4,87.24,,,,
ABS:LCI(1.0.0),1,131279,P1,50,Q,2012-Q1,86.45,,,,
ABS:LCI(1.0.0),1,131279,P1,50,Q,2012-Q2,86.49,,,,
ABS:LCI(1.0.0),1,131279,P1,50,Q,2012-Q3,85.79,,,,
ABS:LCI(1.0.0),1,131279,P1,50,Q,2012-Q4,85.62,,,,
ABS:LCI(1.0.0),1,131279,P1,50,Q,2013-Q1,85.5,,,,
ABS:LCI(1.0.0),1,131279,P1,50,Q,2013-Q2,84.18,,,,
ABS:LCI(1.0.0),1,131279,P1,50,Q,2013-Q3,84.89,,,,
ABS:LCI(1.0.0),1,131279,P1,50,Q,2013-Q4,84.56,,,,
ABS:LCI(1.0.0),1,131279,P1,50,Q,2014-Q1,85.32,,,,
ABS:LCI(1.0.0),1,131279,P1,50,Q,2014-Q2,84.23,,,,
ABS:LCI(1.0.0),1,131279,P1,50,Q,2014-Q3,85,,,,
ABS:LCI(1.0.0),1,131279,P1,50,Q,2014-Q4,84.37,,,,
ABS:LCI(1.0.0),1,131279,P1,50,Q,2015-Q1,84.79,,,,
ABS:LCI(1.0.0),1,131279,P1,50,Q,2015-Q2,83.75,,,,
ABS:LCI(1.0.0),1,131279,P1,50,Q,2015-Q3,84.26,,,,
ABS:LCI(1.0.0),1,131279,P1,50,Q,2015-Q4,84.01,,,,
ABS:LCI(1.0.0),1,131279,P1,50,Q,2016-Q1,84.61,,,,
ABS:LCI(1.0.0),1,131279,P1,50,Q,2016-Q2,84.78,,,,
ABS:LCI(1.0.0),1,131279,P1,50,Q,2016-Q3,85.3,,,,
ABS:LCI(1.0.0),1,131279,P1,50,Q,2016-Q4,84.81,,,,
ABS:LCI(1.0.0),1,131279,P1,50,Q,2017-Q1,84.56,,,,
ABS:LCI(1.0.0),1,131279,P1,50,Q,2017-Q2,84.9,,,,
ABS:LCI(1.0.0),1,131279,P1,50,Q,2017-Q3,85.9,,,,
ABS:LCI(1.0.0),1,131279,P1,50,Q,2017-Q4,85.98,,,,
ABS:LCI(1.0.0),1,131279,P1,50,Q,2018-Q1,87.03,,,,
ABS:LCI(1.0.0),1,131279,P1,50,Q,2018-Q2,86.73,,,,
ABS:LCI(1.0.0),1,131279,P1,50,Q,2018-Q3,87.38,,,,
ABS:LCI(1.0.0),1,131279,P1,50,Q,2018-Q4,87.32,,,,
ABS:LCI(1.0.0),1,131279,P1,50,Q,2019-Q1,86.7,,,,
ABS:LCI(1.0.0),1,131279,P1,50,Q,2019-Q2,86.69,,,,
ABS:LCI(1.0.0),1,131279,P1,50,Q,2019-Q3,87.61,,,,
ABS:LCI(1.0.0),1,131279,P1,50,Q,2019-Q4,87.17,,,,
ABS:LCI(1.0.0),1,131279,P1,50,Q,2020-Q1,87.02,,,,
ABS:LCI(1.0.0),1,131279,P1,50,Q,2020-Q2,88.56,,,,
ABS:LCI(1.0.0),1,131279,P1,50,Q,2020-Q3,85.18,,,,
ABS:LCI(1.0.0),1,131279,P1,50,Q,2020-Q4,82.75,,,,
ABS:LCI(1.0.0),1,131279,P1,50,Q,2021-Q1,82.04,,,,
ABS:LCI(1.0.0),1,131279,P1,50,Q,2021-Q2,80.72,,,,
ABS:LCI(1.0.0),1,131279,P1,50,Q,2021-Q3,81.6,,,,
ABS:LCI(1.0.0),1,131279,P1,50,Q,2021-Q4,79.5,,,,
ABS:LCI(1.0.0),1,131279,P1,50,Q,2022-Q1,78.39,,,,
ABS:LCI(1.0.0),1,131279,P1,50,Q,2022-Q2,77.69,,,,
ABS:LCI(1.0.0),1,131279,P1,50,Q,2022-Q3,78.47,,,,
ABS:LCI(1.0.0),1,131279,P1,50,Q,2022-Q4,79.95,,,,
ABS:LCI(1.0.0),1,131279,P1,50,Q,2023-Q1,82.31,,,,
ABS:LCI(1.0.0),1,131279,P1,50,Q,2023-Q2,83.54,,,,
ABS:LCI(1.0.0),1,131279,P1,50,Q,2023-Q3,86.4,,,,
ABS:LCI(1.0.0),1,131279,P1,50,Q,2023-Q4,88.89,,,,
ABS:LCI(1.0.0),1,131279,P1,50,Q,2024-Q1,90.98,,,,
ABS:LCI(1.0.0),1,131279,P1,50,Q,2024-Q2,92.91,,,,
ABS:LCI(1.0.0),1,131279,P1,50,Q,2024-Q3,95.83,,,,
ABS:LCI(1.0.0),1,131279,P1,50,Q,2024-Q4,96.06,,,,
ABS:LCI(1.0.0),1,131279,P1,50,Q,2025-Q1,98.49,,,,
ABS:LCI(1.0.0),1,131279,P1,50,Q,2025-Q2,99.66,,,,
ABS:LCI(1.0.0),1,131279,P1,50,Q,2025-Q3,100,,,,
ABS:LCI(1.0.0),1,131279,P1,50,Q,2025-Q4,99.48,,,,
ABS:LCI(1.0.0),1,20003,P1,50,Q,2007-Q2,49.76,,,,
ABS:LCI(1.0.0),1,20003,P1,50,Q,2007-Q3,51.14,,,,
ABS:LCI(1.0.0),1,20003,P1,50,Q,2007-Q4,51.62,,,,
ABS:LCI(1.0.0),1,20003,P1,50,Q,2008-Q1,52.5,,,,
ABS:LCI(1.0.0),1,20003,P1,50,Q,2008-Q2,53.18,,,,
ABS:LCI(1.0.0),1,20003,P1,50,Q,2008-Q3,55.11,,,,
ABS:LCI(1.0.0),1,20003,P1,50,Q,2008-Q4,55.67,,,,
ABS:LCI(1.0.0),1,20003,P1,50,Q,2009-Q1,56.5,,,,
ABS:LCI(1.0.0),1,20003,P1,50,Q,2009-Q2,57.05,,,,
ABS:LCI(1.0.0),1,20003,P1,50,Q,2009-Q3,59.5,,,,
ABS:LCI(1.0.0),1,20003,P1,50,Q,2009-Q4,59.85,,,,
ABS:LCI(1.0.0),1,20003,P1,50,Q,2010-Q1,60.65,,,,
ABS:LCI(1.0.0),1,20003,P1,50,Q,2010-Q2,61.08,,,,
ABS:LCI(1.0.0),1,20003,P1,50,Q,2010-Q3,63.19,,,,
ABS:LCI(1.0.0),1,20003,P1,50,Q,2010-Q4,63.45,,,,
ABS:LCI(1.0.0),1,20003,P1,50,Q,2011-Q1,64.28,,,,
ABS:LCI(1.0.0),1,20003,P1,50,Q,2011-Q2,64.62,,,,
ABS:LCI(1.0.0),1,20003,P1,50,Q,2011-Q3,66.5,,,,
ABS:LCI(1.0.0),1,20003,P1,50,Q,2011-Q4,66.82,,,,
ABS:LCI(1.0.0),1,20003,P1,50,Q,2012-Q1,67.45,,,,
ABS:LCI(1.0.0),1,20003,P1,50,Q,2012-Q2,67.9,,,,
ABS:LCI(1.0.0),1,20003,P1,50,Q,2012-Q3,70.79,,,,
ABS:LCI(1.0.0),1,20003,P1,50,Q,2012-Q4,71,,,,
ABS:LCI(1.0.0),1,20003,P1,50,Q,2013-Q1,71.58,,,,
ABS:LCI(1.0.0),1,20003,P1,50,Q,2013-Q2,71.95,,,,
ABS:LCI(1.0.0),1,20003,P1,50,Q,2013-Q3,73.91,,,,
ABS:LCI(1.0.0),1,20003,P1,50,Q,2013-Q4,74.08,,,,
ABS:LCI(1.0.0),1,20003,P1,50,Q,2014-Q1,74.6,,,,
ABS:LCI(1.0.0),1,20003,P1,50,Q,2014-Q2,74.81,,,,
ABS:LCI(1.0.0),1,20003,P1,50,Q,2014-Q3,75.12,,,,
ABS:LCI(1.0.0),1,20003,P1,50,Q,2014-Q4,75.26,,,,
ABS:LCI(1.0.0),1,20003,P1,50,Q,2015-Q1,75.65,,,,
ABS:LCI(1.0.0),1,20003,P1,50,Q,2015-Q2,75.84,,,,
ABS:LCI(1.0.0),1,20003,P1,50,Q,2015-Q3,76.27,,,,
ABS:LCI(1.0.0),1,20003,P1,50,Q,2015-Q4,76.28,,,,
ABS:LCI(1.0.0),1,20003,P1,50,Q,2016-Q1,76.38,,,,
ABS:LCI(1.0.0),1,20003,P1,50,Q,2016-Q2,76.47,,,,
ABS:LCI(1.0.0),1,20003,P1,50,Q,2016-Q3,77.44,,,,
ABS:LCI(1.0.0),1,20003,P1,50,Q,2016-Q4,77.47,,,,
ABS:LCI(1.0.0),1,20003,P1,50,Q,2017-Q1,77.91,,,,
ABS:LCI(1.0.0),1,20003,P1,50,Q,2017-Q2,77.98,,,,
ABS:LCI(1.0.0),1,20003,P1,50,Q,2017-Q3,79.76,,,,
ABS:LCI(1.0.0),1,20003,P1,50,Q,2017-Q4,79.94,,,,
ABS:LCI(1.0.0),1,20003,P1,50,Q,2018-Q1,80.45,,,,
ABS:LCI(1.0.0),1,20003,P1,50,Q,2018-Q2,80.27,,,,
ABS:LCI(1.0.0),1,20003,P1,50,Q,2018-Q3,80.76,,,,
ABS:LCI(1.0.0),1,20003,P1,50,Q,2018-Q4,80.89,,,,
ABS:LCI(1.0.0),1,20003,P1,50,Q,2019-Q1,80.96,,,,
ABS:LCI(1.0.0),1,20003,P1,50,Q,2019-Q2,80.87,,,,
ABS:LCI(1.0.0),1,20003,P1,50,Q,2019-Q3,81.27,,,,
ABS:LCI(1.0.0),1,20003,P1,50,Q,2019-Q4,81.17,,,,
ABS:LCI(1.0.0),1,20003,P1,50,Q,2020-Q1,81.44,,,,
ABS:LCI(1.0.0),1,20003,P1,50,Q,2020-Q2,80.7,,,,
ABS:LCI(1.0.0),1,20003,P1,50,Q,2020-Q3,80.4,,,,
ABS:LCI(1.0.0),1,20003,P1,50,Q,2020-Q4,79.28,,,,
ABS:LCI(1.0.0),1,20003,P1,50,Q,2021-Q1,79.53,,,,
ABS:LCI(1.0.0),1,20003,P1,50,Q,2021-Q2,80.09,,,,
ABS:LCI(1.0.0),1,20003,P1,50,Q,2021-Q3,80.72,,,,
ABS:LCI(1.0.0),1,20003,P1,50,Q,2021-Q4,81.03,,,,
ABS:LCI(1.0.0),1,20003,P1,50,Q,2022-Q1,81.49,,,,
ABS:LCI(1.0.0),1,20003,P1,50,Q,2022-Q2,81.9,,,,
ABS:LCI(1.0.0),1,20003,P1,50,Q,2022-Q3,83.89,,,,
ABS:LCI(1.0.0),1,20003,P1,50,Q,2022-Q4,85.68,,,,
ABS:LCI(1.0.0),1,20003,P1,50,Q,2023-Q1,87.38,,,,
ABS:LCI(1.0.0),1,20003,P1,50,Q,2023-Q2,88.27,,,,
ABS:LCI(1.0.0),1,20003,P1,50,Q,2023-Q3,91.57,,,,
ABS:LCI(1.0.0),1,20003,P1,50,Q,2023-Q4,92.76,,,,
ABS:LCI(1.0.0),1,20003,P1,50,Q,2024-Q1,93.39,,,,
ABS:LCI(1.0.0),1,20003,P1,50,Q,2024-Q2,94.56,,,,
ABS:LCI(1.0.0),1,20003,P1,50,Q,2024-Q3,93.51,,,,
ABS:LCI(1.0.0),1,20003,P1,50,Q,2024-Q4,93,,,,
ABS:LCI(1.0.0),1,20003,P1,50,Q,2025-Q1,95.56,,,,
ABS:LCI(1.0.0),1,20003,P1,50,Q,2025-Q2,97.17,,,,
ABS:LCI(1.0.0),1,20003,P1,50,Q,2025-Q3,100,,,,
ABS:LCI(1.0.0),1,20003,P1,50,Q,2025-Q4,99.98,,,,
ABS:LCI(1.0.0),1,20004,P1,50,Q,2007-Q2,78.56,,,,
ABS:LCI(1.0.0),1,20004,P1,50,Q,2007-Q3,76.41,,,,
ABS:LCI(1.0.0),1,20004,P1,50,Q,2007-Q4,77.06,,,,
ABS:LCI(1.0.0),1,20004,P1,50,Q,2008-Q1,76.52,,,,
ABS:LCI(1.0.0),1,20004,P1,50,Q,2008-Q2,77.81,,,,
ABS:LCI(1.0.0),1,20004,P1,50,Q,2008-Q3,76.96,,,,
ABS:LCI(1.0.0),1,20004,P1,50,Q,2008-Q4,77.22,,,,
ABS:LCI(1.0.0),1,20004,P1,50,Q,2009-Q1,77.83,,,,
ABS:LCI(1.0.0),1,20004,P1,50,Q,2009-Q2,79.59,,,,
ABS:LCI(1.0.0),1,20004,P1,50,Q,2009-Q3,80.05,,,,
ABS:LCI(1.0.0),1,20004,P1,50,Q,2009-Q4,80.08,,,,
ABS:LCI(1.0.0),1,20004,P1,50,Q,2010-Q1,78.96,,,,
ABS:LCI(1.0.0),1,20004,P1,50,Q,2010-Q2,79.67,,,,
ABS:LCI(1.0.0),1,20004,P1,50,Q,2010-Q3,80.36,,,,
ABS:LCI(1.0.0),1,20004,P1,50,Q,2010-Q4,79.87,,,,
ABS:LCI(1.0.0),1,20004,P1,50,Q,2011-Q1,78.65,,,,
ABS:LCI(1.0.0),1,20004,P1,50,Q,2011-Q2,79.75,,,,
ABS:LCI(1.0.0),1,20004,P1,50,Q,2011-Q3,80.01,,,,
ABS:LCI(1.0.0),1,20004,P1,50,Q,2011-Q4,80.03,,,,
ABS:LCI(1.0.0),1,20004,P1,50,Q,2012-Q1,79.27,,,,
ABS:LCI(1.0.0),1,20004,P1,50,Q,2012-Q2,80.46,,,,
ABS:LCI(1.0.0),1,20004,P1,50,Q,2012-Q3,81.25,,,,
ABS:LCI(1.0.0),1,20004,P1,50,Q,2012-Q4,80.77,,,,
ABS:LCI(1.0.0),1,20004,P1,50,Q,2013-Q1,79.78,,,,
ABS:LCI(1.0.0),1,20004,P1,50,Q,2013-Q2,80.5,,,,
ABS:LCI(1.0.0),1,20004,P1,50,Q,2013-Q3,81.41,,,,
ABS:LCI(1.0.0),1,20004,P1,50,Q,2013-Q4,81.62,,,,
ABS:LCI(1.0.0),1,20004,P1,50,Q,2014-Q1,80.57,,,,
ABS:LCI(1.0.0),1,20004,P1,50,Q,2014-Q2,81.52,,,,
ABS:LCI(1.0.0),1,20004,P1,50,Q,2014-Q3,81.89,,,,
ABS:LCI(1.0.0),1,20004,P1,50,Q,2014-Q4,82.27,,,,
ABS:LCI(1.0.0),1,20004,P1,50,Q,2015-Q1,81.87,,,,
ABS:LCI(1.0.0),1,20004,P1,50,Q,2015-Q2,82.69,,,,
ABS:LCI(1.0.0),1,20004,P1,50,Q,2015-Q3,83.44,,,,
ABS:LCI(1.0.0),1,20004,P1,50,Q,2015-Q4,83.86,,,,
ABS:LCI(1.0.0),1,20004,P1,50,Q,2016-Q1,83.63,,,,
ABS:LCI(1.0.0),1,20004,P1,50,Q,2016-Q2,84.19,,,,
ABS:LCI(1.0.0),1,20004,P1,50,Q,2016-Q3,85.2,,,,
ABS:LCI(1.0.0),1,20004,P1,50,Q,2016-Q4,84.45,,,,
ABS:LCI(1.0.0),1,20004,P1,50,Q,2017-Q1,83.63,,,,
ABS:LCI(1.0.0),1,20004,P1,50,Q,2017-Q2,84.23,,,,
ABS:LCI(1.0.0),1,20004,P1,50,Q,2017-Q3,84.55,,,,
ABS:LCI(1.0.0),1,20004,P1,50,Q,2017-Q4,83.96,,,,
ABS:LCI(1.0.0),1,20004,P1,50,Q,2018-Q1,83.73,,,,
ABS:LCI(1.0.0),1,20004,P1,50,Q,2018-Q2,83.99,,,,
ABS:LCI(1.0.0),1,20004,P1,50,Q,2018-Q3,82.54,,,,
ABS:LCI(1.0.0),1,20004,P1,50,Q,2018-Q4,82.99,,,,
ABS:LCI(1.0.0),1,20004,P1,50,Q,2019-Q1,82.76,,,,
ABS:LCI(1.0.0),1,20004,P1,50,Q,2019-Q2,83.37,,,,
ABS:LCI(1.0.0),1,20004,P1,50,Q,2019-Q3,84.24,,,,
ABS:LCI(1.0.0),1,20004,P1,50,Q,2019-Q4,84.07,,,,
ABS:LCI(1.0.0),1,20004,P1,50,Q,2020-Q1,84.75,,,,
ABS:LCI(1.0.0),1,20004,P1,50,Q,2020-Q2,72.93,,,,
ABS:LCI(1.0.0),1,20004,P1,50,Q,2020-Q3,83.2,,,,
ABS:LCI(1.0.0),1,20004,P1,50,Q,2020-Q4,87.12,,,,
ABS:LCI(1.0.0),1,20004,P1,50,Q,2021-Q1,87.01,,,,
ABS:LCI(1.0.0),1,20004,P1,50,Q,2021-Q2,87.91,,,,
ABS:LCI(1.0.0),1,20004,P1,50,Q,2021-Q3,89.34,,,,
ABS:LCI(1.0.0),1,20004,P1,50,Q,2021-Q4,90.26,,,,
ABS:LCI(1.0.0),1,20004,P1,50,Q,2022-Q1,91.26,,,,
ABS:LCI(1.0.0),1,20004,P1,50,Q,2022-Q2,93.27,,,,
ABS:LCI(1.0.0),1,20004,P1,50,Q,2022-Q3,95.93,,,,
ABS:LCI(1.0.0),1,20004,P1,50,Q,2022-Q4,97.6,,,,
ABS:LCI(1.0.0),1,20004,P1,50,Q,2023-Q1,97.26,,,,
ABS:LCI(1.0.0),1,20004,P1,50,Q,2023-Q2,99.24,,,,
ABS:LCI(1.0.0),1,20004,P1,50,Q,2023-Q3,98.02,,,,
ABS:LCI(1.0.0),1,20004,P1,50,Q,2023-Q4,97.2,,,,
ABS:LCI(1.0.0),1,20004,P1,50,Q,2024-Q1,97.22,,,,
ABS:LCI(1.0.0),1,20004,P1,50,Q,2024-Q2,98.07,,,,
ABS:LCI(1.0.0),1,20004,P1,50,Q,2024-Q3,99,,,,
ABS:LCI(1.0.0),1,20004,P1,50,Q,2024-Q4,98.69,,,,
ABS:LCI(1.0.0),1,20004,P1,50,Q,2025-Q1,97.96,,,,
ABS:LCI(1.0.0),1,20004,P1,50,Q,2025-Q2,99,,,,
ABS:LCI(1.0.0),1,20004,P1,50,Q,2025-Q3,100,,,,
ABS:LCI(1.0.0),1,20004,P1,50,Q,2025-Q4,100.16,,,,
ABS:LCI(1.0.0),1,20002,P1,50,Q,2007-Q2,98.31,,,,
ABS:LCI(1.0.0),1,20002,P1,50,Q,2007-Q3,98.8,,,,
ABS:LCI(1.0.0),1,20002,P1,50,Q,2007-Q4,99.04,,,,
ABS:LCI(1.0.0),1,20002,P1,50,Q,2008-Q1,96.73,,,,
ABS:LCI(1.0.0),1,20002,P1,50,Q,2008-Q2,99.57,,,,
ABS:LCI(1.0.0),1,20002,P1,50,Q,2008-Q3,98.95,,,,
ABS:LCI(1.0.0),1,20002,P1,50,Q,2008-Q4,99.24,,,,
ABS:LCI(1.0.0),1,20002,P1,50,Q,2009-Q1,98.78,,,,
ABS:LCI(1.0.0),1,20002,P1,50,Q,2009-Q2,100.9,,,,
ABS:LCI(1.0.0),1,20002,P1,50,Q,2009-Q3,101.35,,,,
ABS:LCI(1.0.0),1,20002,P1,50,Q,2009-Q4,101.54,,,,
ABS:LCI(1.0.0),1,20002,P1,50,Q,2010-Q1,97.16,,,,
ABS:LCI(1.0.0),1,20002,P1,50,Q,2010-Q2,97.1,,,,
ABS:LCI(1.0.0),1,20002,P1,50,Q,2010-Q3,98.46,,,,
ABS:LCI(1.0.0),1,20002,P1,50,Q,2010-Q4,96.69,,,,
ABS:LCI(1.0.0),1,20002,P1,50,Q,2011-Q1,95.86,,,,
ABS:LCI(1.0.0),1,20002,P1,50,Q,2011-Q2,98.19,,,,
ABS:LCI(1.0.0),1,20002,P1,50,Q,2011-Q3,99.7,,,,
ABS:LCI(1.0.0),1,20002,P1,50,Q,2011-Q4,99.06,,,,
ABS:LCI(1.0.0),1,20002,P1,50,Q,2012-Q1,97.36,,,,
ABS:LCI(1.0.0),1,20002,P1,50,Q,2012-Q2,98.84,,,,
ABS:LCI(1.0.0),1,20002,P1,50,Q,2012-Q3,98.95,,,,
ABS:LCI(1.0.0),1,20002,P1,50,Q,2012-Q4,99.78,,,,
ABS:LCI(1.0.0),1,20002,P1,50,Q,2013-Q1,96,,,,
ABS:LCI(1.0.0),1,20002,P1,50,Q,2013-Q2,98.45,,,,
ABS:LCI(1.0.0),1,20002,P1,50,Q,2013-Q3,99.5,,,,
ABS:LCI(1.0.0),1,20002,P1,50,Q,2013-Q4,98.4,,,,
ABS:LCI(1.0.0),1,20002,P1,50,Q,2014-Q1,96.22,,,,
ABS:LCI(1.0.0),1,20002,P1,50,Q,2014-Q2,97.78,,,,
ABS:LCI(1.0.0),1,20002,P1,50,Q,2014-Q3,96.85,,,,
ABS:LCI(1.0.0),1,20002,P1,50,Q,2014-Q4,96.88,,,,
ABS:LCI(1.0.0),1,20002,P1,50,Q,2015-Q1,95.53,,,,
ABS:LCI(1.0.0),1,20002,P1,50,Q,2015-Q2,96.88,,,,
ABS:LCI(1.0.0),1,20002,P1,50,Q,2015-Q3,95.76,,,,
ABS:LCI(1.0.0),1,20002,P1,50,Q,2015-Q4,97.29,,,,
ABS:LCI(1.0.0),1,20002,P1,50,Q,2016-Q1,94.79,,,,
ABS:LCI(1.0.0),1,20002,P1,50,Q,2016-Q2,96.66,,,,
ABS:LCI(1.0.0),1,20002,P1,50,Q,2016-Q3,96.91,,,,
ABS:LCI(1.0.0),1,20002,P1,50,Q,2016-Q4,96.46,,,,
ABS:LCI(1.0.0),1,20002,P1,50,Q,2017-Q1,95.04,,,,
ABS:LCI(1.0.0),1,20002,P1,50,Q,2017-Q2,94.75,,,,
ABS:LCI(1.0.0),1,20002,P1,50,Q,2017-Q3,93.84,,,,
ABS:LCI(1.0.0),1,20002,P1,50,Q,2017-Q4,93.58,,,,
ABS:LCI(1.0.0),1,20002,P1,50,Q,2018-Q1,91.71,,,,
ABS:LCI(1.0.0),1,20002,P1,50,Q,2018-Q2,92.93,,,,
ABS:LCI(1.0.0),1,20002,P1,50,Q,2018-Q3,93.05,,,,
ABS:LCI(1.0.0),1,20002,P1,50,Q,2018-Q4,92.89,,,,
ABS:LCI(1.0.0),1,20002,P1,50,Q,2019-Q1,91.59,,,,
ABS:LCI(1.0.0),1,20002,P1,50,Q,2019-Q2,93.11,,,,
ABS:LCI(1.0.0),1,20002,P1,50,Q,2019-Q3,94.41,,,,
ABS:LCI(1.0.0),1,20002,P1,50,Q,2019-Q4,94.07,,,,
ABS:LCI(1.0.0),1,20002,P1,50,Q,2020-Q1,93.37,,,,
ABS:LCI(1.0.0),1,20002,P1,50,Q,2020-Q2,93.45,,,,
ABS:LCI(1.0.0),1,20002,P1,50,Q,2020-Q3,93.94,,,,
ABS:LCI(1.0.0),1,20002,P1,50,Q,2020-Q4,92.97,,,,
ABS:LCI(1.0.0),1,20002,P1,50,Q,2021-Q1,93.36,,,,
ABS:LCI(1.0.0),1,20002,P1,50,Q,2021-Q2,93.78,,,,
ABS:LCI(1.0.0),1,20002,P1,50,Q,2021-Q3,90.24,,,,
ABS:LCI(1.0.0),1,20002,P1,50,Q,2021-Q4,92.63,,,,
ABS:LCI(1.0.0),1,20002,P1,50,Q,2022-Q1,91.97,,,,
ABS:LCI(1.0.0),1,20002,P1,50,Q,2022-Q2,95.22,,,,
ABS:LCI(1.0.0),1,20002,P1,50,Q,2022-Q3,95.06,,,,
ABS:LCI(1.0.0),1,20002,P1,50,Q,2022-Q4,97.47,,,,
ABS:LCI(1.0.0),1,20002,P1,50,Q,2023-Q1,94.89,,,,
ABS:LCI(1.0.0),1,20002,P1,50,Q,2023-Q2,95.48,,,,
ABS:LCI(1.0.0),1,20002,P1,50,Q,2023-Q3,95.93,,,,
ABS:LCI(1.0.0),1,20002,P1,50,Q,2023-Q4,96.47,,,,
ABS:LCI(1.0.0),1,20002,P1,50,Q,2024-Q1,95.34,,,,
ABS:LCI(1.0.0),1,20002,P1,50,Q,2024-Q2,98.32,,,,
ABS:LCI(1.0.0),1,20002,P1,50,Q,2024-Q3,97.59,,,,
ABS:LCI(1.0.0),1,20002,P1,50,Q,2024-Q4,97.77,,,,
ABS:LCI(1.0.0),1,20002,P1,50,Q,2025-Q1,96.89,,,,
ABS:LCI(1.0.0),1,20002,P1,50,Q,2025-Q2,99.53,,,,
ABS:LCI(1.0.0),1,20002,P1,50,Q,2025-Q3,100,,,,
ABS:LCI(1.0.0),1,20002,P1,50,Q,2025-Q4,99.9,,,,
ABS:LCI(1.0.0),1,115489,P1,50,Q,2007-Q2,78.73,,,,
ABS:LCI(1.0.0),1,115489,P1,50,Q,2007-Q3,79.72,,,,
ABS:LCI(1.0.0),1,115489,P1,50,Q,2007-Q4,80.42,,,,
ABS:LCI(1.0.0),1,115489,P1,50,Q,2008-Q1,80.09,,,,
ABS:LCI(1.0.0),1,115489,P1,50,Q,2008-Q2,79.89,,,,
ABS:LCI(1.0.0),1,115489,P1,50,Q,2008-Q3,80.85,,,,
ABS:LCI(1.0.0),1,115489,P1,50,Q,2008-Q4,81.23,,,,
ABS:LCI(1.0.0),1,115489,P1,50,Q,2009-Q1,80.38,,,,
ABS:LCI(1.0.0),1,115489,P1,50,Q,2009-Q2,80.47,,,,
ABS:LCI(1.0.0),1,115489,P1,50,Q,2009-Q3,81.07,,,,
ABS:LCI(1.0.0),1,115489,P1,50,Q,2009-Q4,82.37,,,,
ABS:LCI(1.0.0),1,115489,P1,50,Q,2010-Q1,81.46,,,,
ABS:LCI(1.0.0),1,115489,P1,50,Q,2010-Q2,79.99,,,,
ABS:LCI(1.0.0),1,115489,P1,50,Q,2010-Q3,80.52,,,,
ABS:LCI(1.0.0),1,115489,P1,50,Q,2010-Q4,80.68,,,,
ABS:LCI(1.0.0),1,115489,P1,50,Q,2011-Q1,80.16,,,,
ABS:LCI(1.0.0),1,115489,P1,50,Q,2011-Q2,79.73,,,,
ABS:LCI(1.0.0),1,115489,P1,50,Q,2011-Q3,80.36,,,,
ABS:LCI(1.0.0),1,115489,P1,50,Q,2011-Q4,80.96,,,,
ABS:LCI(1.0.0),1,115489,P1,50,Q,2012-Q1,79.47,,,,
ABS:LCI(1.0.0),1,115489,P1,50,Q,2012-Q2,78.46,,,,
ABS:LCI(1.0.0),1,115489,P1,50,Q,2012-Q3,79.09,,,,
ABS:LCI(1.0.0),1,115489,P1,50,Q,2012-Q4,79.62,,,,
ABS:LCI(1.0.0),1,115489,P1,50,Q,2013-Q1,79.01,,,,
ABS:LCI(1.0.0),1,115489,P1,50,Q,2013-Q2,78.39,,,,
ABS:LCI(1.0.0),1,115489,P1,50,Q,2013-Q3,79.85,,,,
ABS:LCI(1.0.0),1,115489,P1,50,Q,2013-Q4,81.43,,,,
ABS:LCI(1.0.0),1,115489,P1,50,Q,2014-Q1,81.08,,,,
ABS:LCI(1.0.0),1,115489,P1,50,Q,2014-Q2,80.83,,,,
ABS:LCI(1.0.0),1,115489,P1,50,Q,2014-Q3,81.25,,,,
ABS:LCI(1.0.0),1,115489,P1,50,Q,2014-Q4,82.03,,,,
ABS:LCI(1.0.0),1,115489,P1,50,Q,2015-Q1,82.56,,,,
ABS:LCI(1.0.0),1,115489,P1,50,Q,2015-Q2,81.49,,,,
ABS:LCI(1.0.0),1,115489,P1,50,Q,2015-Q3,82.1,,,,
ABS:LCI(1.0.0),1,115489,P1,50,Q,2015-Q4,83.41,,,,
ABS:LCI(1.0.0),1,115489,P1,50,Q,2016-Q1,82.6,,,,
ABS:LCI(1.0.0),1,115489,P1,50,Q,2016-Q2,82.12,,,,
ABS:LCI(1.0.0),1,115489,P1,50,Q,2016-Q3,82.56,,,,
ABS:LCI(1.0.0),1,115489,P1,50,Q,2016-Q4,83.04,,,,
ABS:LCI(1.0.0),1,115489,P1,50,Q,2017-Q1,82.49,,,,
ABS:LCI(1.0.0),1,115489,P1,50,Q,2017-Q2,82.07,,,,
ABS:LCI(1.0.0),1,115489,P1,50,Q,2017-Q3,83.05,,,,
ABS:LCI(1.0.0),1,115489,P1,50,Q,2017-Q4,83.61,,,,
ABS:LCI(1.0.0),1,115489,P1,50,Q,2018-Q1,83.05,,,,
ABS:LCI(1.0.0),1,115489,P1,50,Q,2018-Q2,82.76,,,,
ABS:LCI(1.0.0),1,115489,P1,50,Q,2018-Q3,84.08,,,,
ABS:LCI(1.0.0),1,115489,P1,50,Q,2018-Q4,85.13,,,,
ABS:LCI(1.0.0),1,115489,P1,50,Q,2019-Q1,83.88,,,,
ABS:LCI(1.0.0),1,115489,P1,50,Q,2019-Q2,84.32,,,,
ABS:LCI(1.0.0),1,115489,P1,50,Q,2019-Q3,85.62,,,,
ABS:LCI(1.0.0),1,115489,P1,50,Q,2019-Q4,86.44,,,,
ABS:LCI(1.0.0),1,115489,P1,50,Q,2020-Q1,84.98,,,,
ABS:LCI(1.0.0),1,115489,P1,50,Q,2020-Q2,83.67,,,,
ABS:LCI(1.0.0),1,115489,P1,50,Q,2020-Q3,84.53,,,,
ABS:LCI(1.0.0),1,115489,P1,50,Q,2020-Q4,85.97,,,,
ABS:LCI(1.0.0),1,115489,P1,50,Q,2021-Q1,85.79,,,,
ABS:LCI(1.0.0),1,115489,P1,50,Q,2021-Q2,85.77,,,,
ABS:LCI(1.0.0),1,115489,P1,50,Q,2021-Q3,86.48,,,,
ABS:LCI(1.0.0),1,115489,P1,50,Q,2021-Q4,87.7,,,,
ABS:LCI(1.0.0),1,115489,P1,50,Q,2022-Q1,88.33,,,,
ABS:LCI(1.0.0),1,115489,P1,50,Q,2022-Q2,89.61,,,,
ABS:LCI(1.0.0),1,115489,P1,50,Q,2022-Q3,90.77,,,,
ABS:LCI(1.0.0),1,115489,P1,50,Q,2022-Q4,95.66,,,,
ABS:LCI(1.0.0),1,115489,P1,50,Q,2023-Q1,95.9,,,,
ABS:LCI(1.0.0),1,115489,P1,50,Q,2023-Q2,95.7,,,,
ABS:LCI(1.0.0),1,115489,P1,50,Q,2023-Q3,95.81,,,,
ABS:LCI(1.0.0),1,115489,P1,50,Q,2023-Q4,96.19,,,,
ABS:LCI(1.0.0),1,115489,P1,50,Q,2024-Q1,96.1,,,,
ABS:LCI(1.0.0),1,115489,P1,50,Q,2024-Q2,96.52,,,,
ABS:LCI(1.0.0),1,115489,P1,50,Q,2024-Q3,97.81,,,,
ABS:LCI(1.0.0),1,115489,P1,50,Q,2024-Q4,99.34,,,,
ABS:LCI(1.0.0),1,115489,P1,50,Q,2025-Q1,97.79,,,,
ABS:LCI(1.0.0),1,115489,P1,50,Q,2025-Q2,98.21,,,,
ABS:LCI(1.0.0),1,115489,P1,50,Q,2025-Q3,100,,,,
ABS:LCI(1.0.0),1,115489,P1,50,Q,2025-Q4,102.64,,,,
